Category: 🎵音乐频道, Name: 音乐小石榴, Total: 3, Valid: 0, Valid Percent: 0.00%, Whitelist: 3, IPv4: 0, IPv6: 0, Min Delay: -1 ms, Max Speed: 0.00 M/s, Avg Speed: 0.00 M/s, Max Resolution: None
Category: 🎵音乐频道, Name: 秋月剪水, Total: 3, Valid: 0, Valid Percent: 0.00%, Whitelist: 3, IPv4: 0, IPv6: 0, Min Delay: -1 ms, Max Speed: 0.00 M/s, Avg Speed: 0.00 M/s, Max Resolution: None
Category: 🎵音乐频道, Name: 喵喵音乐台, Total: 2, Valid: 0, Valid Percent: 0.00%, Whitelist: 2, IPv4: 0, IPv6: 0, Min Delay: -1 ms, Max Speed: 0.00 M/s, Avg Speed: 0.00 M/s, Max Resolution: None
Category: 🎵音乐频道, Name: 阿7点歌台, Total: 2, Valid: 0, Valid Percent: 0.00%, Whitelist: 2, IPv4: 0, IPv6: 0, Min Delay: -1 ms, Max Speed: 0.00 M/s, Avg Speed: 0.00 M/s, Max Resolution: None
Category: 🎵音乐频道, Name: 音悦喵点歌台, Total: 2, Valid: 0, Valid Percent: 0.00%, Whitelist: 2, IPv4: 0, IPv6: 0, Min Delay: -1 ms, Max Speed: 0.00 M/s, Avg Speed: 0.00 M/s, Max Resolution: None
Category: 🎵音乐频道, Name: 下饭音乐, Total: 2, Valid: 0, Valid Percent: 0.00%, Whitelist: 2, IPv4: 0, IPv6: 0, Min Delay: -1 ms, Max Speed: 0.00 M/s, Avg Speed: 0.00 M/s, Max Resolution: None
Category: 🎵音乐频道, Name: 音乐台长, Total: 2, Valid: 0, Valid Percent: 0.00%, Whitelist: 2, IPv4: 0, IPv6: 0, Min Delay: -1 ms, Max Speed: 0.00 M/s, Avg Speed: 0.00 M/s, Max Resolution: None
Category: 🎵音乐频道, Name: 音乐Wu哥, Total: 2, Valid: 0, Valid Percent: 0.00%, Whitelist: 2, IPv4: 0, IPv6: 0, Min Delay: -1 ms, Max Speed: 0.00 M/s, Avg Speed: 0.00 M/s, Max Resolution: None
Category: 🎵音乐频道, Name: 音乐快斗, Total: 2, Valid: 0, Valid Percent: 0.00%, Whitelist: 2, IPv4: 0, IPv6: 0, Min Delay: -1 ms, Max Speed: 0.00 M/s, Avg Speed: 0.00 M/s, Max Resolution: None
Category: 🎵音乐频道, Name: 音乐猛抬头, Total: 2, Valid: 0, Valid Percent: 0.00%, Whitelist: 2, IPv4: 0, IPv6: 0, Min Delay: -1 ms, Max Speed: 0.00 M/s, Avg Speed: 0.00 M/s, Max Resolution: None
Category: 🎵音乐频道, Name: 黑糖音乐秀, Total: 2, Valid: 0, Valid Percent: 0.00%, Whitelist: 2, IPv4: 0, IPv6: 0, Min Delay: -1 ms, Max Speed: 0.00 M/s, Avg Speed: 0.00 M/s, Max Resolution: None
Category: 🎵音乐频道, Name: 荒草音乐, Total: 2, Valid: 0, Valid Percent: 0.00%, Whitelist: 2, IPv4: 0, IPv6: 0, Min Delay: -1 ms, Max Speed: 0.00 M/s, Avg Speed: 0.00 M/s, Max Resolution: None
Category: 🎵音乐频道, Name: 音乐Fans小琼, Total: 2, Valid: 0, Valid Percent: 0.00%, Whitelist: 2, IPv4: 0, IPv6: 0, Min Delay: -1 ms, Max Speed: 0.00 M/s, Avg Speed: 0.00 M/s, Max Resolution: None
Category: 🎵音乐频道, Name: 小飞飞音乐, Total: 2, Valid: 0, Valid Percent: 0.00%, Whitelist: 2, IPv4: 0, IPv6: 0, Min Delay: -1 ms, Max Speed: 0.00 M/s, Avg Speed: 0.00 M/s, Max Resolution: None
Category: 🎵音乐频道, Name: 热星音乐菌, Total: 2, Valid: 0, Valid Percent: 0.00%, Whitelist: 2, IPv4: 0, IPv6: 0, Min Delay: -1 ms, Max Speed: 0.00 M/s, Avg Speed: 0.00 M/s, Max Resolution: None
Category: 🎵音乐频道, Name: 蚕豆电台, Total: 2, Valid: 0, Valid Percent: 0.00%, Whitelist: 2, IPv4: 0, IPv6: 0, Min Delay: -1 ms, Max Speed: 0.00 M/s, Avg Speed: 0.00 M/s, Max Resolution: None
Category: 🎵音乐频道, Name: 音乐现场, Total: 1, Valid: 1, Valid Percent: 100.00%, Whitelist: 0, IPv4: 1, IPv6: 0, Min Delay: 1559 ms, Max Speed: 0.06 M/s, Avg Speed: 0.06 M/s, Max Resolution: 1920x1080
Category: 🎵音乐频道, Name: 戏曲精选, Total: 1, Valid: 1, Valid Percent: 100.00%, Whitelist: 0, IPv4: 1, IPv6: 0, Min Delay: 520 ms, Max Speed: 0.16 M/s, Avg Speed: 0.16 M/s, Max Resolution: 1920x1080
Category: 🎵音乐频道, Name: 热门综艺, Total: 1, Valid: 1, Valid Percent: 100.00%, Whitelist: 0, IPv4: 1, IPv6: 0, Min Delay: 543 ms, Max Speed: 0.13 M/s, Avg Speed: 0.13 M/s, Max Resolution: 1920x1080
Category: 🎵音乐频道, Name: 刘德华今日演唱会1-3, Total: 1, Valid: 0, Valid Percent: 0.00%, Whitelist: 1, IPv4: 0, IPv6: 0, Min Delay: -1 ms, Max Speed: 0.00 M/s, Avg Speed: 0.00 M/s, Max Resolution: None
Category: 🎵音乐频道, Name: 刘德华今日演唱会2-3, Total: 1, Valid: 0, Valid Percent: 0.00%, Whitelist: 1, IPv4: 0, IPv6: 0, Min Delay: -1 ms, Max Speed: 0.00 M/s, Avg Speed: 0.00 M/s, Max Resolution: None
Category: 🎵音乐频道, Name: 刘德华今日演唱会3-3, Total: 1, Valid: 0, Valid Percent: 0.00%, Whitelist: 1, IPv4: 0, IPv6: 0, Min Delay: -1 ms, Max Speed: 0.00 M/s, Avg Speed: 0.00 M/s, Max Resolution: None
Category: 🎵音乐频道, Name: 湾区升明月2025大湾区电影音乐晚会, Total: 1, Valid: 0, Valid Percent: 0.00%, Whitelist: 1, IPv4: 0, IPv6: 0, Min Delay: -1 ms, Max Speed: 0.00 M/s, Avg Speed: 0.00 M/s, Max Resolution: None
Category: 🎵音乐频道, Name: 张学友演唱会, Total: 1, Valid: 0, Valid Percent: 0.00%, Whitelist: 1, IPv4: 0, IPv6: 0, Min Delay: -1 ms, Max Speed: 0.00 M/s, Avg Speed: 0.00 M/s, Max Resolution: None
Category: 🎵音乐频道, Name: S H E《2014 世界巡回演唱会 台北站 完整版》, Total: 1, Valid: 0, Valid Percent: 0.00%, Whitelist: 1, IPv4: 0, IPv6: 0, Min Delay: -1 ms, Max Speed: 0.00 M/s, Avg Speed: 0.00 M/s, Max Resolution: None
Category: 🎵音乐频道, Name: S H E《2018 十七周年台北演唱会 完整版》, Total: 1, Valid: 0, Valid Percent: 0.00%, Whitelist: 1, IPv4: 0, IPv6: 0, Min Delay: -1 ms, Max Speed: 0.00 M/s, Avg Speed: 0.00 M/s, Max Resolution: None
Category: 🎵音乐频道, Name: S H E《4EVER世界巡回演唱会 完整版》珍藏版, Total: 1, Valid: 0, Valid Percent: 0.00%, Whitelist: 1, IPv4: 0, IPv6: 0, Min Delay: -1 ms, Max Speed: 0.00 M/s, Avg Speed: 0.00 M/s, Max Resolution: None
Category: 🎵音乐频道, Name: 刘若英合集, Total: 1, Valid: 0, Valid Percent: 0.00%, Whitelist: 1, IPv4: 0, IPv6: 0, Min Delay: -1 ms, Max Speed: 0.00 M/s, Avg Speed: 0.00 M/s, Max Resolution: None
Category: 🎵音乐频道, Name: 云菲菲40首经典歌曲, Total: 1, Valid: 0, Valid Percent: 0.00%, Whitelist: 1, IPv4: 0, IPv6: 0, Min Delay: -1 ms, Max Speed: 0.00 M/s, Avg Speed: 0.00 M/s, Max Resolution: None
Category: 🎵音乐频道, Name: 孟庭苇, Total: 1, Valid: 0, Valid Percent: 0.00%, Whitelist: 1, IPv4: 0, IPv6: 0, Min Delay: -1 ms, Max Speed: 0.00 M/s, Avg Speed: 0.00 M/s, Max Resolution: None
Category: 📡辽宁频道, Name: 辽宁卫视, Total: 27, Valid: 22, Valid Percent: 81.48%, Whitelist: 3, IPv4: 24, IPv6: 0, Min Delay: 264 ms, Max Speed: 15.85 M/s, Avg Speed: 2.95 M/s, Max Resolution: 1920x1080
Category: 📡辽宁频道, Name: 辽宁都市, Total: 6, Valid: 4, Valid Percent: 66.67%, Whitelist: 2, IPv4: 4, IPv6: 0, Min Delay: 260 ms, Max Speed: 11.65 M/s, Avg Speed: 3.07 M/s, Max Resolution: 720x576
Category: 📡辽宁频道, Name: 辽宁体育休闲, Total: 5, Valid: 3, Valid Percent: 60.00%, Whitelist: 2, IPv4: 3, IPv6: 0, Min Delay: 214 ms, Max Speed: 14.17 M/s, Avg Speed: 4.90 M/s, Max Resolution: 720x576
Category: 📡辽宁频道, Name: 辽宁影视剧, Total: 6, Valid: 4, Valid Percent: 66.67%, Whitelist: 2, IPv4: 4, IPv6: 0, Min Delay: 278 ms, Max Speed: 11.07 M/s, Avg Speed: 2.94 M/s, Max Resolution: 720x576
Category: 📡辽宁频道, Name: 辽宁经济, Total: 5, Valid: 3, Valid Percent: 60.00%, Whitelist: 2, IPv4: 3, IPv6: 0, Min Delay: 2192 ms, Max Speed: 0.49 M/s, Avg Speed: 0.21 M/s, Max Resolution: 720x576
Category: 📡辽宁频道, Name: 辽宁公共, Total: 5, Valid: 3, Valid Percent: 60.00%, Whitelist: 2, IPv4: 3, IPv6: 0, Min Delay: 2178 ms, Max Speed: 0.50 M/s, Avg Speed: 0.20 M/s, Max Resolution: 720x576
Category: 📡辽宁频道, Name: 辽宁移动电视, Total: 3, Valid: 1, Valid Percent: 33.33%, Whitelist: 2, IPv4: 1, IPv6: 0, Min Delay: 10215 ms, Max Speed: 0.04 M/s, Avg Speed: 0.04 M/s, Max Resolution: None
Category: 📡辽宁频道, Name: 辽宁北方, Total: 6, Valid: 4, Valid Percent: 66.67%, Whitelist: 2, IPv4: 4, IPv6: 0, Min Delay: 320 ms, Max Speed: 9.60 M/s, Avg Speed: 2.55 M/s, Max Resolution: 1920x1080
Category: 📡辽宁频道, Name: 辽宁生活, Total: 6, Valid: 4, Valid Percent: 66.67%, Whitelist: 2, IPv4: 4, IPv6: 0, Min Delay: 246 ms, Max Speed: 12.50 M/s, Avg Speed: 3.28 M/s, Max Resolution: 720x576
Category: 📡辽宁频道, Name: 辽宁教育青少, Total: 4, Valid: 2, Valid Percent: 50.00%, Whitelist: 2, IPv4: 2, IPv6: 0, Min Delay: 10137 ms, Max Speed: 0.07 M/s, Avg Speed: 0.07 M/s, Max Resolution: 1920x1080
Category: 📡辽宁频道, Name: 辽宁丹东新闻, Total: 1, Valid: 0, Valid Percent: 0.00%, Whitelist: 1, IPv4: 0, IPv6: 0, Min Delay: -1 ms, Max Speed: 0.00 M/s, Avg Speed: 0.00 M/s, Max Resolution: None
Category: 📡辽宁频道, Name: 辽宁丹东生活, Total: 1, Valid: 0, Valid Percent: 0.00%, Whitelist: 1, IPv4: 0, IPv6: 0, Min Delay: -1 ms, Max Speed: 0.00 M/s, Avg Speed: 0.00 M/s, Max Resolution: None
Category: 📡辽宁频道, Name: 辽宁铁岭新闻, Total: 1, Valid: 0, Valid Percent: 0.00%, Whitelist: 1, IPv4: 0, IPv6: 0, Min Delay: -1 ms, Max Speed: 0.00 M/s, Avg Speed: 0.00 M/s, Max Resolution: None
Category: 📡辽宁频道, Name: 辽宁铁岭生活, Total: 1, Valid: 0, Valid Percent: 0.00%, Whitelist: 1, IPv4: 0, IPv6: 0, Min Delay: -1 ms, Max Speed: 0.00 M/s, Avg Speed: 0.00 M/s, Max Resolution: None
Category: 📡辽宁频道, Name: 辽宁朝阳新闻, Total: 1, Valid: 0, Valid Percent: 0.00%, Whitelist: 1, IPv4: 0, IPv6: 0, Min Delay: -1 ms, Max Speed: 0.00 M/s, Avg Speed: 0.00 M/s, Max Resolution: None
Category: 📡辽宁频道, Name: 辽宁朝阳教育, Total: 1, Valid: 0, Valid Percent: 0.00%, Whitelist: 1, IPv4: 0, IPv6: 0, Min Delay: -1 ms, Max Speed: 0.00 M/s, Avg Speed: 0.00 M/s, Max Resolution: None
Category: 📡辽宁频道, Name: 辽宁本溪综合, Total: 1, Valid: 0, Valid Percent: 0.00%, Whitelist: 1, IPv4: 0, IPv6: 0, Min Delay: -1 ms, Max Speed: 0.00 M/s, Avg Speed: 0.00 M/s, Max Resolution: None
Category: 📡辽宁频道, Name: 辽宁本溪法治, Total: 1, Valid: 0, Valid Percent: 0.00%, Whitelist: 1, IPv4: 0, IPv6: 0, Min Delay: -1 ms, Max Speed: 0.00 M/s, Avg Speed: 0.00 M/s, Max Resolution: None
Category: 📡辽宁频道, Name: 辽宁辽阳新闻, Total: 1, Valid: 0, Valid Percent: 0.00%, Whitelist: 1, IPv4: 0, IPv6: 0, Min Delay: -1 ms, Max Speed: 0.00 M/s, Avg Speed: 0.00 M/s, Max Resolution: None
Category: 📡辽宁频道, Name: 辽宁辽阳生活, Total: 1, Valid: 0, Valid Percent: 0.00%, Whitelist: 1, IPv4: 0, IPv6: 0, Min Delay: -1 ms, Max Speed: 0.00 M/s, Avg Speed: 0.00 M/s, Max Resolution: None
Category: 📡辽宁频道, Name: 辽宁阜新教育, Total: 1, Valid: 0, Valid Percent: 0.00%, Whitelist: 1, IPv4: 0, IPv6: 0, Min Delay: -1 ms, Max Speed: 0.00 M/s, Avg Speed: 0.00 M/s, Max Resolution: None
Category: 📡辽宁频道, Name: 辽宁阜新综合, Total: 1, Valid: 0, Valid Percent: 0.00%, Whitelist: 1, IPv4: 0, IPv6: 0, Min Delay: -1 ms, Max Speed: 0.00 M/s, Avg Speed: 0.00 M/s, Max Resolution: None
Category: 📡辽宁频道, Name: 辽宁阜新新闻综合, Total: 1, Valid: 0, Valid Percent: 0.00%, Whitelist: 1, IPv4: 0, IPv6: 0, Min Delay: -1 ms, Max Speed: 0.00 M/s, Avg Speed: 0.00 M/s, Max Resolution: None
Category: 📡辽宁频道, Name: 辽宁阜新社会生活, Total: 1, Valid: 0, Valid Percent: 0.00%, Whitelist: 1, IPv4: 0, IPv6: 0, Min Delay: -1 ms, Max Speed: 0.00 M/s, Avg Speed: 0.00 M/s, Max Resolution: None
Category: 📡辽宁频道, Name: 辽宁葫岛生活服务, Total: 1, Valid: 0, Valid Percent: 0.00%, Whitelist: 1, IPv4: 0, IPv6: 0, Min Delay: -1 ms, Max Speed: 0.00 M/s, Avg Speed: 0.00 M/s, Max Resolution: None
Category: 📡辽宁频道, Name: 辽宁葫岛新闻综合, Total: 1, Valid: 0, Valid Percent: 0.00%, Whitelist: 1, IPv4: 0, IPv6: 0, Min Delay: -1 ms, Max Speed: 0.00 M/s, Avg Speed: 0.00 M/s, Max Resolution: None
Category: 📡辽宁频道, Name: 辽宁沈阳新闻, Total: 3, Valid: 0, Valid Percent: 0.00%, Whitelist: 3, IPv4: 0, IPv6: 0, Min Delay: -1 ms, Max Speed: 0.00 M/s, Avg Speed: 0.00 M/s, Max Resolution: None
Category: 📡辽宁频道, Name: 抚顺综合, Total: 1, Valid: 0, Valid Percent: 0.00%, Whitelist: 1, IPv4: 0, IPv6: 0, Min Delay: -1 ms, Max Speed: 0.00 M/s, Avg Speed: 0.00 M/s, Max Resolution: None
Category: 📡辽宁频道, Name: 抚顺教育, Total: 1, Valid: 0, Valid Percent: 0.00%, Whitelist: 1, IPv4: 0, IPv6: 0, Min Delay: -1 ms, Max Speed: 0.00 M/s, Avg Speed: 0.00 M/s, Max Resolution: None
Category: 📡辽宁频道, Name: 盘锦都市, Total: 1, Valid: 0, Valid Percent: 0.00%, Whitelist: 1, IPv4: 0, IPv6: 0, Min Delay: -1 ms, Max Speed: 0.00 M/s, Avg Speed: 0.00 M/s, Max Resolution: None
Category: 📡辽宁频道, Name: 盘锦新闻, Total: 1, Valid: 0, Valid Percent: 0.00%, Whitelist: 1, IPv4: 0, IPv6: 0, Min Delay: -1 ms, Max Speed: 0.00 M/s, Avg Speed: 0.00 M/s, Max Resolution: None
Category: 📡辽宁频道, Name: 辽河新闻综合, Total: 1, Valid: 0, Valid Percent: 0.00%, Whitelist: 1, IPv4: 0, IPv6: 0, Min Delay: -1 ms, Max Speed: 0.00 M/s, Avg Speed: 0.00 M/s, Max Resolution: None
Category: 📡辽宁频道, Name: 辽河文化生活, Total: 1, Valid: 0, Valid Percent: 0.00%, Whitelist: 1, IPv4: 0, IPv6: 0, Min Delay: -1 ms, Max Speed: 0.00 M/s, Avg Speed: 0.00 M/s, Max Resolution: None
Category: 📡辽宁频道, Name: 锦州新闻综合, Total: 1, Valid: 0, Valid Percent: 0.00%, Whitelist: 1, IPv4: 0, IPv6: 0, Min Delay: -1 ms, Max Speed: 0.00 M/s, Avg Speed: 0.00 M/s, Max Resolution: None
Category: 📡辽宁频道, Name: 锦州教育, Total: 1, Valid: 0, Valid Percent: 0.00%, Whitelist: 1, IPv4: 0, IPv6: 0, Min Delay: -1 ms, Max Speed: 0.00 M/s, Avg Speed: 0.00 M/s, Max Resolution: None
Category: 📡辽宁频道, Name: 法库综合, Total: 1, Valid: 0, Valid Percent: 0.00%, Whitelist: 1, IPv4: 0, IPv6: 0, Min Delay: -1 ms, Max Speed: 0.00 M/s, Avg Speed: 0.00 M/s, Max Resolution: None
Category: 📡辽宁频道, Name: 新民综合, Total: 1, Valid: 0, Valid Percent: 0.00%, Whitelist: 1, IPv4: 0, IPv6: 0, Min Delay: -1 ms, Max Speed: 0.00 M/s, Avg Speed: 0.00 M/s, Max Resolution: None
Category: 📡辽宁频道, Name: 瓦房店新闻综合, Total: 1, Valid: 0, Valid Percent: 0.00%, Whitelist: 1, IPv4: 0, IPv6: 0, Min Delay: -1 ms, Max Speed: 0.00 M/s, Avg Speed: 0.00 M/s, Max Resolution: None
Category: 📡辽宁频道, Name: 庄河综合, Total: 1, Valid: 0, Valid Percent: 0.00%, Whitelist: 1, IPv4: 0, IPv6: 0, Min Delay: -1 ms, Max Speed: 0.00 M/s, Avg Speed: 0.00 M/s, Max Resolution: None
Category: 📡辽宁频道, Name: 营口新闻综合, Total: 1, Valid: 0, Valid Percent: 0.00%, Whitelist: 1, IPv4: 0, IPv6: 0, Min Delay: -1 ms, Max Speed: 0.00 M/s, Avg Speed: 0.00 M/s, Max Resolution: None
Category: 📡辽宁频道, Name: 营口辽河文化生活, Total: 1, Valid: 0, Valid Percent: 0.00%, Whitelist: 1, IPv4: 0, IPv6: 0, Min Delay: -1 ms, Max Speed: 0.00 M/s, Avg Speed: 0.00 M/s, Max Resolution: None
Category: 📡辽宁频道, Name: 兴城综合, Total: 1, Valid: 0, Valid Percent: 0.00%, Whitelist: 1, IPv4: 0, IPv6: 0, Min Delay: -1 ms, Max Speed: 0.00 M/s, Avg Speed: 0.00 M/s, Max Resolution: None
Category: 📡辽宁频道, Name: 阜蒙汉语综合, Total: 1, Valid: 0, Valid Percent: 0.00%, Whitelist: 1, IPv4: 0, IPv6: 0, Min Delay: -1 ms, Max Speed: 0.00 M/s, Avg Speed: 0.00 M/s, Max Resolution: None
Category: 📡辽宁频道, Name: 昌图综合, Total: 1, Valid: 0, Valid Percent: 0.00%, Whitelist: 1, IPv4: 0, IPv6: 0, Min Delay: -1 ms, Max Speed: 0.00 M/s, Avg Speed: 0.00 M/s, Max Resolution: None
Category: 📡辽宁频道, Name: 西丰综合, Total: 1, Valid: 0, Valid Percent: 0.00%, Whitelist: 1, IPv4: 0, IPv6: 0, Min Delay: -1 ms, Max Speed: 0.00 M/s, Avg Speed: 0.00 M/s, Max Resolution: None
Category: 📡辽宁频道, Name: 调兵山综合, Total: 1, Valid: 0, Valid Percent: 0.00%, Whitelist: 1, IPv4: 0, IPv6: 0, Min Delay: -1 ms, Max Speed: 0.00 M/s, Avg Speed: 0.00 M/s, Max Resolution: None
Category: 📡辽宁频道, Name: 宽甸综合, Total: 1, Valid: 0, Valid Percent: 0.00%, Whitelist: 1, IPv4: 0, IPv6: 0, Min Delay: -1 ms, Max Speed: 0.00 M/s, Avg Speed: 0.00 M/s, Max Resolution: None
Category: 📡辽宁频道, Name: 东方财经, Total: 12, Valid: 11, Valid Percent: 91.67%, Whitelist: 1, IPv4: 11, IPv6: 0, Min Delay: 485 ms, Max Speed: 0.81 M/s, Avg Speed: 0.34 M/s, Max Resolution: 1920x1080
Category: 📡辽宁频道, Name: 爱上4K华数, Total: 2, Valid: 0, Valid Percent: 0.00%, Whitelist: 2, IPv4: 0, IPv6: 0, Min Delay: -1 ms, Max Speed: 0.00 M/s, Avg Speed: 0.00 M/s, Max Resolution: None
Category: 📡辽宁频道, Name: 欢笑剧场4K, Total: 15, Valid: 7, Valid Percent: 46.67%, Whitelist: 2, IPv4: 13, IPv6: 0, Min Delay: 455 ms, Max Speed: 0.95 M/s, Avg Speed: 0.49 M/s, Max Resolution: 3840x2160
Category: 📡辽宁频道, Name: 华数精选, Total: 4, Valid: 2, Valid Percent: 50.00%, Whitelist: 2, IPv4: 2, IPv6: 0, Min Delay: 484 ms, Max Speed: 0.28 M/s, Avg Speed: 0.28 M/s, Max Resolution: 1920x1080
Category: 📡辽宁频道, Name: 中国天气, Total: 5, Valid: 3, Valid Percent: 60.00%, Whitelist: 2, IPv4: 3, IPv6: 0, Min Delay: 485 ms, Max Speed: 0.46 M/s, Avg Speed: 0.19 M/s, Max Resolution: 1920x1080
Category: 📡辽宁频道, Name: 财富天下, Total: 8, Valid: 2, Valid Percent: 25.00%, Whitelist: 2, IPv4: 6, IPv6: 0, Min Delay: 489 ms, Max Speed: 0.23 M/s, Avg Speed: 0.14 M/s, Max Resolution: 1920x1080
Category: 📡辽宁频道, Name: 都市剧场, Total: 11, Valid: 6, Valid Percent: 54.55%, Whitelist: 3, IPv4: 8, IPv6: 0, Min Delay: 501 ms, Max Speed: 0.32 M/s, Avg Speed: 0.10 M/s, Max Resolution: 1920x1080
Category: 📡辽宁频道, Name: 怀旧电影, Total: 1, Valid: 0, Valid Percent: 0.00%, Whitelist: 1, IPv4: 0, IPv6: 0, Min Delay: -1 ms, Max Speed: 0.00 M/s, Avg Speed: 0.00 M/s, Max Resolution: None
Category: 📡辽宁频道, Name: 文物宝库, Total: 3, Valid: 1, Valid Percent: 33.33%, Whitelist: 2, IPv4: 1, IPv6: 0, Min Delay: 498 ms, Max Speed: 0.09 M/s, Avg Speed: 0.09 M/s, Max Resolution: None
Category: 📡辽宁频道, Name: 书画频道, Total: 2, Valid: 0, Valid Percent: 0.00%, Whitelist: 2, IPv4: 0, IPv6: 0, Min Delay: -1 ms, Max Speed: 0.00 M/s, Avg Speed: 0.00 M/s, Max Resolution: None
Category: 📡辽宁频道, Name: 国学频道, Total: 4, Valid: 2, Valid Percent: 50.00%, Whitelist: 2, IPv4: 2, IPv6: 0, Min Delay: 290 ms, Max Speed: 16.21 M/s, Avg Speed: 16.05 M/s, Max Resolution: 1920x1080
Category: 📡辽宁频道, Name: 梨园频道, Total: 8, Valid: 1, Valid Percent: 12.50%, Whitelist: 3, IPv4: 5, IPv6: 0, Min Delay: 469 ms, Max Speed: 0.00 M/s, Avg Speed: 0.00 M/s, Max Resolution: 1920x1080
Category: 📡辽宁频道, Name: 武术世界, Total: 8, Valid: 3, Valid Percent: 37.50%, Whitelist: 3, IPv4: 5, IPv6: 0, Min Delay: 446 ms, Max Speed: 0.83 M/s, Avg Speed: 0.52 M/s, Max Resolution: None
Category: 📡辽宁频道, Name: 中华特产, Total: 3, Valid: 0, Valid Percent: 0.00%, Whitelist: 3, IPv4: 0, IPv6: 0, Min Delay: -1 ms, Max Speed: 0.00 M/s, Avg Speed: 0.00 M/s, Max Resolution: None
Category: 📡辽宁频道, Name: 生活时尚, Total: 15, Valid: 12, Valid Percent: 80.00%, Whitelist: 3, IPv4: 12, IPv6: 0, Min Delay: 454 ms, Max Speed: 0.78 M/s, Avg Speed: 0.12 M/s, Max Resolution: 1920x1080
Category: 📡辽宁频道, Name: 游戏风云, Total: 11, Valid: 7, Valid Percent: 63.64%, Whitelist: 2, IPv4: 9, IPv6: 0, Min Delay: 444 ms, Max Speed: 0.85 M/s, Avg Speed: 0.22 M/s, Max Resolution: 1920x1080
Category: 📡辽宁频道, Name: 金色学堂, Total: 8, Valid: 5, Valid Percent: 62.50%, Whitelist: 2, IPv4: 6, IPv6: 0, Min Delay: 485 ms, Max Speed: 0.74 M/s, Avg Speed: 0.25 M/s, Max Resolution: 1920x1080
Category: 📡辽宁频道, Name: 法治天地, Total: 7, Valid: 4, Valid Percent: 57.14%, Whitelist: 2, IPv4: 5, IPv6: 0, Min Delay: 456 ms, Max Speed: 0.81 M/s, Avg Speed: 0.30 M/s, Max Resolution: 1920x1080
Category: 📡辽宁频道, Name: 生态环境, Total: 1, Valid: 0, Valid Percent: 0.00%, Whitelist: 1, IPv4: 0, IPv6: 0, Min Delay: -1 ms, Max Speed: 0.00 M/s, Avg Speed: 0.00 M/s, Max Resolution: None
Category: 📡辽宁频道, Name: 乐游, Total: 7, Valid: 4, Valid Percent: 57.14%, Whitelist: 2, IPv4: 5, IPv6: 0, Min Delay: 467 ms, Max Speed: 0.90 M/s, Avg Speed: 0.26 M/s, Max Resolution: 1920x1080
Category: 📡辽宁频道, Name: 魅力时尚, Total: 1, Valid: 1, Valid Percent: 100.00%, Whitelist: 0, IPv4: 1, IPv6: 0, Min Delay: 548 ms, Max Speed: 0.25 M/s, Avg Speed: 0.25 M/s, Max Resolution: 1920x1080
Category: 📡辽宁频道, Name: 求索记录, Total: 1, Valid: 0, Valid Percent: 0.00%, Whitelist: 0, IPv4: 1, IPv6: 0, Min Delay: 530 ms, Max Speed: 0.00 M/s, Avg Speed: 0.00 M/s, Max Resolution: None
Category: 📡辽宁频道, Name: 家庭理财, Total: 2, Valid: 0, Valid Percent: 0.00%, Whitelist: 2, IPv4: 0, IPv6: 0, Min Delay: -1 ms, Max Speed: 0.00 M/s, Avg Speed: 0.00 M/s, Max Resolution: None
Category: 📡辽宁频道, Name: 谍战剧场, Total: 3, Valid: 0, Valid Percent: 0.00%, Whitelist: 2, IPv4: 1, IPv6: 0, Min Delay: 509 ms, Max Speed: 0.00 M/s, Avg Speed: 0.00 M/s, Max Resolution: None
Category: 📡辽宁频道, Name: 四海钓鱼, Total: 5, Valid: 2, Valid Percent: 40.00%, Whitelist: 3, IPv4: 2, IPv6: 0, Min Delay: 487 ms, Max Speed: 0.10 M/s, Avg Speed: 0.07 M/s, Max Resolution: None
Category: 📡辽宁频道, Name: 快乐垂钓, Total: 5, Valid: 2, Valid Percent: 40.00%, Whitelist: 3, IPv4: 2, IPv6: 0, Min Delay: 514 ms, Max Speed: 0.81 M/s, Avg Speed: 0.46 M/s, Max Resolution: 1920x1080
Category: 📡辽宁频道, Name: 精彩导视, Total: 1, Valid: 1, Valid Percent: 100.00%, Whitelist: 0, IPv4: 1, IPv6: 0, Min Delay: 574 ms, Max Speed: 0.11 M/s, Avg Speed: 0.11 M/s, Max Resolution: 1920x1080
Category: 📡辽宁频道, Name: IPTV3+(轮播), Total: 2, Valid: 0, Valid Percent: 0.00%, Whitelist: 2, IPv4: 0, IPv6: 0, Min Delay: -1 ms, Max Speed: 0.00 M/s, Avg Speed: 0.00 M/s, Max Resolution: None
Category: 📡辽宁频道, Name: IPTV5+(轮播), Total: 2, Valid: 0, Valid Percent: 0.00%, Whitelist: 2, IPv4: 0, IPv6: 0, Min Delay: -1 ms, Max Speed: 0.00 M/s, Avg Speed: 0.00 M/s, Max Resolution: None
Category: 📡辽宁频道, Name: IPTV足球, Total: 4, Valid: 2, Valid Percent: 50.00%, Whitelist: 2, IPv4: 2, IPv6: 0, Min Delay: 483 ms, Max Speed: 0.28 M/s, Avg Speed: 0.21 M/s, Max Resolution: 1920x1080
Category: 📡辽宁频道, Name: 新动漫, Total: 3, Valid: 0, Valid Percent: 0.00%, Whitelist: 3, IPv4: 0, IPv6: 0, Min Delay: -1 ms, Max Speed: 0.00 M/s, Avg Speed: 0.00 M/s, Max Resolution: None
Category: 📡辽宁频道, Name: 动漫秀场, Total: 11, Valid: 6, Valid Percent: 54.55%, Whitelist: 3, IPv4: 8, IPv6: 0, Min Delay: 463 ms, Max Speed: 0.56 M/s, Avg Speed: 0.23 M/s, Max Resolution: 1920x1080
Category: 📡辽宁频道, Name: 金鹰纪实, Total: 12, Valid: 9, Valid Percent: 75.00%, Whitelist: 2, IPv4: 10, IPv6: 0, Min Delay: 490 ms, Max Speed: 0.86 M/s, Avg Speed: 0.39 M/s, Max Resolution: 1920x1080
Category: 📡辽宁频道, Name: 金鹰卡通, Total: 20, Valid: 17, Valid Percent: 85.00%, Whitelist: 2, IPv4: 18, IPv6: 0, Min Delay: 446 ms, Max Speed: 1.42 M/s, Avg Speed: 0.25 M/s, Max Resolution: 1920x1080
Category: 📡辽宁频道, Name: 北京卡酷少儿, Total: 15, Valid: 10, Valid Percent: 66.67%, Whitelist: 3, IPv4: 12, IPv6: 0, Min Delay: 233 ms, Max Speed: 11.56 M/s, Avg Speed: 2.09 M/s, Max Resolution: 1920x1080
Category: 📡辽宁频道, Name: 嘉佳卡通, Total: 15, Valid: 11, Valid Percent: 73.33%, Whitelist: 4, IPv4: 11, IPv6: 0, Min Delay: 295 ms, Max Speed: 17.59 M/s, Avg Speed: 1.86 M/s, Max Resolution: 1920x1080
Category: 📡辽宁频道, Name: 优漫卡通, Total: 13, Valid: 10, Valid Percent: 76.92%, Whitelist: 3, IPv4: 10, IPv6: 0, Min Delay: 445 ms, Max Speed: 11.80 M/s, Avg Speed: 1.98 M/s, Max Resolution: 1920x1080
Category: 📡辽宁频道, Name: 炫动卡通, Total: 1, Valid: 0, Valid Percent: 0.00%, Whitelist: 1, IPv4: 0, IPv6: 0, Min Delay: -1 ms, Max Speed: 0.00 M/s, Avg Speed: 0.00 M/s, Max Resolution: None
Category: 📡辽宁频道, Name: 优优宝贝, Total: 1, Valid: 0, Valid Percent: 0.00%, Whitelist: 1, IPv4: 0, IPv6: 0, Min Delay: -1 ms, Max Speed: 0.00 M/s, Avg Speed: 0.00 M/s, Max Resolution: None
Category: 📡辽宁频道, Name: 少儿动画, Total: 1, Valid: 0, Valid Percent: 0.00%, Whitelist: 0, IPv4: 1, IPv6: 0, Min Delay: 556 ms, Max Speed: 0.00 M/s, Avg Speed: 0.00 M/s, Max Resolution: 1920x1080
Category: 📡辽宁频道, Name: 经典动画大集合, Total: 1, Valid: 0, Valid Percent: 0.00%, Whitelist: 1, IPv4: 0, IPv6: 0, Min Delay: -1 ms, Max Speed: 0.00 M/s, Avg Speed: 0.00 M/s, Max Resolution: None
Category: 📡辽宁频道, Name: 宝宝动画, Total: 3, Valid: 3, Valid Percent: 100.00%, Whitelist: 0, IPv4: 3, IPv6: 0, Min Delay: 523 ms, Max Speed: 0.17 M/s, Avg Speed: 0.08 M/s, Max Resolution: 1920x1080
Category: 📡辽宁频道, Name: 少儿天地, Total: 1, Valid: 0, Valid Percent: 0.00%, Whitelist: 0, IPv4: 1, IPv6: 0, Min Delay: 528 ms, Max Speed: 0.00 M/s, Avg Speed: 0.00 M/s, Max Resolution: 1920x1080
Category: 📡辽宁频道, Name: 青春动漫, Total: 1, Valid: 1, Valid Percent: 100.00%, Whitelist: 0, IPv4: 1, IPv6: 0, Min Delay: 539 ms, Max Speed: 0.11 M/s, Avg Speed: 0.11 M/s, Max Resolution: 1920x1080
Category: 📡辽宁频道, Name: 优购物, Total: 1, Valid: 0, Valid Percent: 0.00%, Whitelist: 1, IPv4: 0, IPv6: 0, Min Delay: -1 ms, Max Speed: 0.00 M/s, Avg Speed: 0.00 M/s, Max Resolution: None
Category: 📡辽宁频道, Name: 辽宁宜佳购物, Total: 1, Valid: 0, Valid Percent: 0.00%, Whitelist: 1, IPv4: 0, IPv6: 0, Min Delay: -1 ms, Max Speed: 0.00 M/s, Avg Speed: 0.00 M/s, Max Resolution: None
Category: 📡辽宁频道, Name: 聚鲨环球精选, Total: 1, Valid: 0, Valid Percent: 0.00%, Whitelist: 1, IPv4: 0, IPv6: 0, Min Delay: -1 ms, Max Speed: 0.00 M/s, Avg Speed: 0.00 M/s, Max Resolution: None
Category: 📡辽宁频道, Name: 央广购物, Total: 2, Valid: 0, Valid Percent: 0.00%, Whitelist: 2, IPv4: 0, IPv6: 0, Min Delay: -1 ms, Max Speed: 0.00 M/s, Avg Speed: 0.00 M/s, Max Resolution: None
Category: ☘️央视频道, Name: CCTV-1, Total: 54, Valid: 35, Valid Percent: 64.81%, Whitelist: 2, IPv4: 51, IPv6: 1, Min Delay: 149 ms, Max Speed: 7.82 M/s, Avg Speed: 1.39 M/s, Max Resolution: 1920x1080
Category: ☘️央视频道, Name: CCTV-2, Total: 41, Valid: 29, Valid Percent: 70.73%, Whitelist: 2, IPv4: 38, IPv6: 1, Min Delay: 230 ms, Max Speed: 11.40 M/s, Avg Speed: 2.64 M/s, Max Resolution: 1920x1080
Category: ☘️央视频道, Name: CCTV-3, Total: 39, Valid: 30, Valid Percent: 76.92%, Whitelist: 2, IPv4: 36, IPv6: 1, Min Delay: 304 ms, Max Speed: 15.44 M/s, Avg Speed: 1.75 M/s, Max Resolution: 1920x1080
Category: ☘️央视频道, Name: CCTV-4, Total: 41, Valid: 32, Valid Percent: 78.05%, Whitelist: 2, IPv4: 38, IPv6: 1, Min Delay: 154 ms, Max Speed: 16.23 M/s, Avg Speed: 2.14 M/s, Max Resolution: 3840x2160
Category: ☘️央视频道, Name: CCTV-4美洲, Total: 4, Valid: 2, Valid Percent: 50.00%, Whitelist: 2, IPv4: 2, IPv6: 0, Min Delay: 494 ms, Max Speed: 0.17 M/s, Avg Speed: 0.12 M/s, Max Resolution: 1920x1080
Category: ☘️央视频道, Name: CCTV-4欧洲, Total: 4, Valid: 2, Valid Percent: 50.00%, Whitelist: 2, IPv4: 2, IPv6: 0, Min Delay: 481 ms, Max Speed: 0.29 M/s, Avg Speed: 0.18 M/s, Max Resolution: 1920x1080
Category: ☘️央视频道, Name: CCTV-5, Total: 52, Valid: 38, Valid Percent: 73.08%, Whitelist: 2, IPv4: 49, IPv6: 1, Min Delay: 239 ms, Max Speed: 12.69 M/s, Avg Speed: 1.33 M/s, Max Resolution: 1920x1080
Category: ☘️央视频道, Name: CCTV-5+, Total: 25, Valid: 22, Valid Percent: 88.00%, Whitelist: 2, IPv4: 23, IPv6: 0, Min Delay: 118 ms, Max Speed: 4.66 M/s, Avg Speed: 0.56 M/s, Max Resolution: 1920x1080
Category: ☘️央视频道, Name: CCTV-6, Total: 37, Valid: 28, Valid Percent: 75.68%, Whitelist: 2, IPv4: 34, IPv6: 1, Min Delay: 252 ms, Max Speed: 12.02 M/s, Avg Speed: 0.92 M/s, Max Resolution: 1920x1080
Category: ☘️央视频道, Name: CCTV-7, Total: 34, Valid: 26, Valid Percent: 76.47%, Whitelist: 2, IPv4: 32, IPv6: 0, Min Delay: 169 ms, Max Speed: 9.56 M/s, Avg Speed: 1.78 M/s, Max Resolution: 1920x1080
Category: ☘️央视频道, Name: CCTV-8, Total: 43, Valid: 33, Valid Percent: 76.74%, Whitelist: 2, IPv4: 40, IPv6: 1, Min Delay: 246 ms, Max Speed: 14.26 M/s, Avg Speed: 1.84 M/s, Max Resolution: 1920x1080
Category: ☘️央视频道, Name: CCTV-9, Total: 34, Valid: 29, Valid Percent: 85.29%, Whitelist: 2, IPv4: 32, IPv6: 0, Min Delay: 136 ms, Max Speed: 11.77 M/s, Avg Speed: 1.25 M/s, Max Resolution: 1920x1080
Category: ☘️央视频道, Name: CCTV-10, Total: 40, Valid: 31, Valid Percent: 77.50%, Whitelist: 2, IPv4: 37, IPv6: 1, Min Delay: 194 ms, Max Speed: 12.96 M/s, Avg Speed: 2.48 M/s, Max Resolution: 1920x1080
Category: ☘️央视频道, Name: CCTV-11, Total: 32, Valid: 24, Valid Percent: 75.00%, Whitelist: 2, IPv4: 30, IPv6: 0, Min Delay: 282 ms, Max Speed: 11.39 M/s, Avg Speed: 1.99 M/s, Max Resolution: 1920x1080
Category: ☘️央视频道, Name: CCTV-12, Total: 36, Valid: 27, Valid Percent: 75.00%, Whitelist: 2, IPv4: 34, IPv6: 0, Min Delay: 129 ms, Max Speed: 10.69 M/s, Avg Speed: 1.82 M/s, Max Resolution: 1920x1080
Category: ☘️央视频道, Name: CCTV-13, Total: 43, Valid: 34, Valid Percent: 79.07%, Whitelist: 2, IPv4: 40, IPv6: 1, Min Delay: 451 ms, Max Speed: 9.80 M/s, Avg Speed: 1.22 M/s, Max Resolution: 1920x1080
Category: ☘️央视频道, Name: CCTV-14, Total: 35, Valid: 27, Valid Percent: 77.14%, Whitelist: 2, IPv4: 33, IPv6: 0, Min Delay: 213 ms, Max Speed: 13.60 M/s, Avg Speed: 2.05 M/s, Max Resolution: 1920x1080
Category: ☘️央视频道, Name: CCTV-15, Total: 29, Valid: 23, Valid Percent: 79.31%, Whitelist: 2, IPv4: 27, IPv6: 0, Min Delay: 299 ms, Max Speed: 14.00 M/s, Avg Speed: 2.77 M/s, Max Resolution: 1920x1080
Category: ☘️央视频道, Name: CCTV-16, Total: 31, Valid: 24, Valid Percent: 77.42%, Whitelist: 2, IPv4: 29, IPv6: 0, Min Delay: 375 ms, Max Speed: 10.62 M/s, Avg Speed: 1.51 M/s, Max Resolution: 3840x2160
Category: ☘️央视频道, Name: CCTV-17, Total: 37, Valid: 25, Valid Percent: 67.57%, Whitelist: 2, IPv4: 35, IPv6: 0, Min Delay: 286 ms, Max Speed: 15.88 M/s, Avg Speed: 1.78 M/s, Max Resolution: 1920x1080
Category: ☘️央视频道, Name: CCTV-4K, Total: 14, Valid: 10, Valid Percent: 71.43%, Whitelist: 2, IPv4: 12, IPv6: 0, Min Delay: 447 ms, Max Speed: 1.06 M/s, Avg Speed: 0.47 M/s, Max Resolution: 3840x2160
Category: ☘️央视频道, Name: CCTV-8K, Total: 1, Valid: 0, Valid Percent: 0.00%, Whitelist: 1, IPv4: 0, IPv6: 0, Min Delay: -1 ms, Max Speed: 0.00 M/s, Avg Speed: 0.00 M/s, Max Resolution: None
Category: ☘️央视频道, Name: CETV-1, Total: 20, Valid: 15, Valid Percent: 75.00%, Whitelist: 2, IPv4: 18, IPv6: 0, Min Delay: 461 ms, Max Speed: 0.92 M/s, Avg Speed: 0.22 M/s, Max Resolution: 1920x1080
Category: ☘️央视频道, Name: CETV-2, Total: 10, Valid: 8, Valid Percent: 80.00%, Whitelist: 2, IPv4: 8, IPv6: 0, Min Delay: 460 ms, Max Speed: 10.77 M/s, Avg Speed: 1.43 M/s, Max Resolution: 1920x1080
Category: ☘️央视频道, Name: CETV-3, Total: 4, Valid: 4, Valid Percent: 100.00%, Whitelist: 0, IPv4: 4, IPv6: 0, Min Delay: 212 ms, Max Speed: 12.61 M/s, Avg Speed: 6.21 M/s, Max Resolution: 720x576
Category: ☘️央视频道, Name: CETV-4, Total: 19, Valid: 16, Valid Percent: 84.21%, Whitelist: 1, IPv4: 18, IPv6: 0, Min Delay: 366 ms, Max Speed: 14.51 M/s, Avg Speed: 1.14 M/s, Max Resolution: 1920x1080
Category: ☘️央视频道, Name: CGTN, Total: 5, Valid: 4, Valid Percent: 80.00%, Whitelist: 1, IPv4: 4, IPv6: 0, Min Delay: 450 ms, Max Speed: 0.93 M/s, Avg Speed: 0.25 M/s, Max Resolution: 1920x1080
Category: ☘️央视频道, Name: CGTN阿拉伯语, Total: 6, Valid: 4, Valid Percent: 66.67%, Whitelist: 2, IPv4: 4, IPv6: 0, Min Delay: 465 ms, Max Speed: 0.40 M/s, Avg Speed: 0.23 M/s, Max Resolution: 1920x1080
Category: ☘️央视频道, Name: CGTN西班牙语, Total: 6, Valid: 4, Valid Percent: 66.67%, Whitelist: 2, IPv4: 4, IPv6: 0, Min Delay: 461 ms, Max Speed: 0.51 M/s, Avg Speed: 0.28 M/s, Max Resolution: 1920x1080
Category: ☘️央视频道, Name: CGTN法语频道, Total: 2, Valid: 0, Valid Percent: 0.00%, Whitelist: 2, IPv4: 0, IPv6: 0, Min Delay: -1 ms, Max Speed: 0.00 M/s, Avg Speed: 0.00 M/s, Max Resolution: None
Category: ☘️央视频道, Name: CGTN俄语频道, Total: 2, Valid: 0, Valid Percent: 0.00%, Whitelist: 2, IPv4: 0, IPv6: 0, Min Delay: -1 ms, Max Speed: 0.00 M/s, Avg Speed: 0.00 M/s, Max Resolution: None
Category: ☘️央视频道, Name: CGTN英语新闻, Total: 1, Valid: 0, Valid Percent: 0.00%, Whitelist: 1, IPv4: 0, IPv6: 0, Min Delay: -1 ms, Max Speed: 0.00 M/s, Avg Speed: 0.00 M/s, Max Resolution: None
Category: ☘️央视付费频道, Name: 风云音乐, Total: 15, Valid: 10, Valid Percent: 66.67%, Whitelist: 4, IPv4: 11, IPv6: 0, Min Delay: 456 ms, Max Speed: 10.83 M/s, Avg Speed: 3.49 M/s, Max Resolution: 1920x1080
Category: ☘️央视付费频道, Name: 风云剧场, Total: 15, Valid: 10, Valid Percent: 66.67%, Whitelist: 4, IPv4: 11, IPv6: 0, Min Delay: 166 ms, Max Speed: 10.32 M/s, Avg Speed: 3.24 M/s, Max Resolution: 1920x1080
Category: ☘️央视付费频道, Name: 风云足球, Total: 16, Valid: 11, Valid Percent: 68.75%, Whitelist: 4, IPv4: 12, IPv6: 0, Min Delay: 303 ms, Max Speed: 12.47 M/s, Avg Speed: 3.04 M/s, Max Resolution: 1920x1080
Category: ☘️央视付费频道, Name: 央视文化精品, Total: 16, Valid: 11, Valid Percent: 68.75%, Whitelist: 4, IPv4: 12, IPv6: 0, Min Delay: 370 ms, Max Speed: 11.85 M/s, Avg Speed: 2.93 M/s, Max Resolution: 1920x1080
Category: ☘️央视付费频道, Name: 央视台球, Total: 16, Valid: 11, Valid Percent: 68.75%, Whitelist: 4, IPv4: 12, IPv6: 0, Min Delay: 453 ms, Max Speed: 12.41 M/s, Avg Speed: 3.41 M/s, Max Resolution: 1920x1080
Category: ☘️央视付费频道, Name: 第一剧场, Total: 16, Valid: 9, Valid Percent: 56.25%, Whitelist: 4, IPv4: 12, IPv6: 0, Min Delay: 278 ms, Max Speed: 14.73 M/s, Avg Speed: 2.98 M/s, Max Resolution: 1920x1080
Category: ☘️央视付费频道, Name: 怀旧剧场, Total: 16, Valid: 9, Valid Percent: 56.25%, Whitelist: 4, IPv4: 12, IPv6: 0, Min Delay: 473 ms, Max Speed: 8.53 M/s, Avg Speed: 4.04 M/s, Max Resolution: 1920x1080
Category: ☘️央视付费频道, Name: 女性时尚, Total: 17, Valid: 13, Valid Percent: 76.47%, Whitelist: 3, IPv4: 14, IPv6: 0, Min Delay: 339 ms, Max Speed: 15.03 M/s, Avg Speed: 6.47 M/s, Max Resolution: 1920x1080
Category: ☘️央视付费频道, Name: 高尔夫网球, Total: 14, Valid: 7, Valid Percent: 50.00%, Whitelist: 4, IPv4: 10, IPv6: 0, Min Delay: 138 ms, Max Speed: 6.62 M/s, Avg Speed: 2.11 M/s, Max Resolution: 1920x1080
Category: ☘️央视付费频道, Name: 电视指南, Total: 8, Valid: 4, Valid Percent: 50.00%, Whitelist: 4, IPv4: 4, IPv6: 0, Min Delay: 457 ms, Max Speed: 9.62 M/s, Avg Speed: 4.84 M/s, Max Resolution: 1920x1080
Category: ☘️央视付费频道, Name: 世界地理, Total: 16, Valid: 11, Valid Percent: 68.75%, Whitelist: 4, IPv4: 12, IPv6: 0, Min Delay: 232 ms, Max Speed: 16.89 M/s, Avg Speed: 6.09 M/s, Max Resolution: 1920x1080
Category: ☘️央视付费频道, Name: 兵器科技, Total: 13, Valid: 5, Valid Percent: 38.46%, Whitelist: 4, IPv4: 9, IPv6: 0, Min Delay: 340 ms, Max Speed: 13.26 M/s, Avg Speed: 5.47 M/s, Max Resolution: 1920x1080
Category: ☘️央视付费频道, Name: 卫生健康, Total: 9, Valid: 7, Valid Percent: 77.78%, Whitelist: 2, IPv4: 7, IPv6: 0, Min Delay: 175 ms, Max Speed: 15.13 M/s, Avg Speed: 9.72 M/s, Max Resolution: 1920x1080
Category: ☘️央视付费频道, Name: 发现之旅, Total: 6, Valid: 3, Valid Percent: 50.00%, Whitelist: 3, IPv4: 3, IPv6: 0, Min Delay: 143 ms, Max Speed: 7.55 M/s, Avg Speed: 6.09 M/s, Max Resolution: 1280x720
Category: ☘️央视付费频道, Name: 老故事, Total: 9, Valid: 5, Valid Percent: 55.56%, Whitelist: 3, IPv4: 5, IPv6: 1, Min Delay: 169 ms, Max Speed: 9.86 M/s, Avg Speed: 7.90 M/s, Max Resolution: 1920x1080
Category: ☘️央视付费频道, Name: 中学生, Total: 3, Valid: 0, Valid Percent: 0.00%, Whitelist: 3, IPv4: 0, IPv6: 0, Min Delay: -1 ms, Max Speed: 0.00 M/s, Avg Speed: 0.00 M/s, Max Resolution: None
Category: ☘️央视付费频道, Name: 环球旅游, Total: 5, Valid: 1, Valid Percent: 20.00%, Whitelist: 4, IPv4: 1, IPv6: 0, Min Delay: 525 ms, Max Speed: 0.25 M/s, Avg Speed: 0.25 M/s, Max Resolution: 1920x1080
Category: ☘️央视付费频道, Name: 中华特产, Total: 3, Valid: 0, Valid Percent: 0.00%, Whitelist: 3, IPv4: 0, IPv6: 0, Min Delay: -1 ms, Max Speed: 0.00 M/s, Avg Speed: 0.00 M/s, Max Resolution: None
Category: ☘️央视付费频道, Name: 中国交通, Total: 7, Valid: 7, Valid Percent: 100.00%, Whitelist: 0, IPv4: 7, IPv6: 0, Min Delay: 479 ms, Max Speed: 0.87 M/s, Avg Speed: 0.26 M/s, Max Resolution: 1920x1080
Category: ☘️央视付费频道, Name: 中国天气, Total: 2, Valid: 0, Valid Percent: 0.00%, Whitelist: 2, IPv4: 0, IPv6: 0, Min Delay: -1 ms, Max Speed: 0.00 M/s, Avg Speed: 0.00 M/s, Max Resolution: None
Category: ☘️央视付费频道, Name: 生态环境, Total: 1, Valid: 0, Valid Percent: 0.00%, Whitelist: 1, IPv4: 0, IPv6: 0, Min Delay: -1 ms, Max Speed: 0.00 M/s, Avg Speed: 0.00 M/s, Max Resolution: None
Category: ☘️卫视频道, Name: 湖南卫视4K, Total: 17, Valid: 16, Valid Percent: 94.12%, Whitelist: 1, IPv4: 16, IPv6: 0, Min Delay: 165 ms, Max Speed: 13.15 M/s, Avg Speed: 2.41 M/s, Max Resolution: 3840x2160
Category: ☘️卫视频道, Name: 浙江卫视4K, Total: 17, Valid: 14, Valid Percent: 82.35%, Whitelist: 0, IPv4: 16, IPv6: 1, Min Delay: 118 ms, Max Speed: 14.53 M/s, Avg Speed: 2.40 M/s, Max Resolution: 3840x2160
Category: ☘️卫视频道, Name: 东方卫视(看东方)4k, Total: 4, Valid: 3, Valid Percent: 75.00%, Whitelist: 1, IPv4: 3, IPv6: 0, Min Delay: 270 ms, Max Speed: 17.33 M/s, Avg Speed: 13.17 M/s, Max Resolution: 1920x1080
Category: ☘️卫视频道, Name: 江苏卫视4K, Total: 21, Valid: 14, Valid Percent: 66.67%, Whitelist: 2, IPv4: 19, IPv6: 0, Min Delay: 201 ms, Max Speed: 16.58 M/s, Avg Speed: 2.89 M/s, Max Resolution: 3840x2160
Category: ☘️卫视频道, Name: 四川卫视4K, Total: 15, Valid: 12, Valid Percent: 80.00%, Whitelist: 0, IPv4: 15, IPv6: 0, Min Delay: 449 ms, Max Speed: 3.94 M/s, Avg Speed: 0.89 M/s, Max Resolution: 3840x2160
Category: ☘️卫视频道, Name: 深圳卫视4K, Total: 19, Valid: 16, Valid Percent: 84.21%, Whitelist: 1, IPv4: 18, IPv6: 0, Min Delay: 348 ms, Max Speed: 11.00 M/s, Avg Speed: 2.15 M/s, Max Resolution: 3840x2160
Category: ☘️卫视频道, Name: 广东卫视4K, Total: 22, Valid: 16, Valid Percent: 72.73%, Whitelist: 1, IPv4: 21, IPv6: 0, Min Delay: 368 ms, Max Speed: 13.01 M/s, Avg Speed: 3.12 M/s, Max Resolution: 3840x2160
Category: ☘️卫视频道, Name: 南国都市4K, Total: 4, Valid: 3, Valid Percent: 75.00%, Whitelist: 0, IPv4: 3, IPv6: 1, Min Delay: 473 ms, Max Speed: 0.49 M/s, Avg Speed: 0.27 M/s, Max Resolution: 1920x1080
Category: ☘️卫视频道, Name: 峨眉电影4k, Total: 5, Valid: 4, Valid Percent: 80.00%, Whitelist: 0, IPv4: 4, IPv6: 1, Min Delay: 526 ms, Max Speed: 0.24 M/s, Avg Speed: 0.13 M/s, Max Resolution: 0x0
Category: ☘️卫视频道, Name: 欢笑剧场4K, Total: 2, Valid: 0, Valid Percent: 0.00%, Whitelist: 2, IPv4: 0, IPv6: 0, Min Delay: -1 ms, Max Speed: 0.00 M/s, Avg Speed: 0.00 M/s, Max Resolution: None
Category: ☘️卫视频道, Name: 河北4K, Total: 1, Valid: 0, Valid Percent: 0.00%, Whitelist: 0, IPv4: 0, IPv6: 1, Min Delay: -1 ms, Max Speed: 0.00 M/s, Avg Speed: 0.00 M/s, Max Resolution: None
Category: ☘️卫视频道, Name: 爱上4K, Total: 4, Valid: 4, Valid Percent: 100.00%, Whitelist: 0, IPv4: 4, IPv6: 0, Min Delay: 517 ms, Max Speed: 0.92 M/s, Avg Speed: 0.40 M/s, Max Resolution: 0x0
Category: ☘️卫视频道, Name: 4K乐享超清, Total: 3, Valid: 3, Valid Percent: 100.00%, Whitelist: 0, IPv4: 3, IPv6: 0, Min Delay: 527 ms, Max Speed: 0.15 M/s, Avg Speed: 0.13 M/s, Max Resolution: 3840x2160
Category: ☘️卫视频道, Name: 4K少儿, Total: 3, Valid: 2, Valid Percent: 66.67%, Whitelist: 0, IPv4: 3, IPv6: 0, Min Delay: 502 ms, Max Speed: 0.19 M/s, Avg Speed: 0.17 M/s, Max Resolution: 3840x2160
Category: ☘️卫视频道, Name: 4K纪实, Total: 3, Valid: 2, Valid Percent: 66.67%, Whitelist: 0, IPv4: 3, IPv6: 0, Min Delay: 505 ms, Max Speed: 0.23 M/s, Avg Speed: 0.14 M/s, Max Resolution: None
Category: ☘️卫视频道, Name: 4K视界, Total: 3, Valid: 2, Valid Percent: 66.67%, Whitelist: 0, IPv4: 3, IPv6: 0, Min Delay: 517 ms, Max Speed: 0.18 M/s, Avg Speed: 0.17 M/s, Max Resolution: 0x0
Category: ☘️卫视频道, Name: 亲子趣学4k, Total: 3, Valid: 3, Valid Percent: 100.00%, Whitelist: 0, IPv4: 3, IPv6: 0, Min Delay: 519 ms, Max Speed: 0.23 M/s, Avg Speed: 0.16 M/s, Max Resolution: 3840x2160
Category: ☘️卫视频道, Name: 天翼高清4K, Total: 8, Valid: 3, Valid Percent: 37.50%, Whitelist: 0, IPv4: 8, IPv6: 0, Min Delay: 511 ms, Max Speed: 0.17 M/s, Avg Speed: 0.08 M/s, Max Resolution: 0x0
Category: ☘️卫视频道, Name: 绚影4K, Total: 4, Valid: 3, Valid Percent: 75.00%, Whitelist: 0, IPv4: 3, IPv6: 1, Min Delay: 516 ms, Max Speed: 0.34 M/s, Avg Speed: 0.20 M/s, Max Resolution: 3840x2160
Category: ☘️卫视频道, Name: 辽宁卫视, Total: 3, Valid: 0, Valid Percent: 0.00%, Whitelist: 3, IPv4: 0, IPv6: 0, Min Delay: -1 ms, Max Speed: 0.00 M/s, Avg Speed: 0.00 M/s, Max Resolution: None
Category: ☘️卫视频道, Name: 吉林卫视, Total: 24, Valid: 19, Valid Percent: 79.17%, Whitelist: 3, IPv4: 21, IPv6: 0, Min Delay: 304 ms, Max Speed: 13.65 M/s, Avg Speed: 2.88 M/s, Max Resolution: 1920x1080
Category: ☘️卫视频道, Name: 黑龙江卫视, Total: 24, Valid: 18, Valid Percent: 75.00%, Whitelist: 3, IPv4: 21, IPv6: 0, Min Delay: 142 ms, Max Speed: 10.31 M/s, Avg Speed: 1.18 M/s, Max Resolution: 1920x1080
Category: ☘️卫视频道, Name: 北京卫视, Total: 24, Valid: 18, Valid Percent: 75.00%, Whitelist: 3, IPv4: 21, IPv6: 0, Min Delay: 449 ms, Max Speed: 10.32 M/s, Avg Speed: 1.29 M/s, Max Resolution: 1920x1080
Category: ☘️卫视频道, Name: 江苏卫视, Total: 26, Valid: 20, Valid Percent: 76.92%, Whitelist: 3, IPv4: 22, IPv6: 1, Min Delay: 302 ms, Max Speed: 15.96 M/s, Avg Speed: 3.45 M/s, Max Resolution: 1920x1080
Category: ☘️卫视频道, Name: 湖南卫视, Total: 26, Valid: 18, Valid Percent: 69.23%, Whitelist: 5, IPv4: 21, IPv6: 0, Min Delay: 292 ms, Max Speed: 16.18 M/s, Avg Speed: 4.13 M/s, Max Resolution: 1920x1080
Category: ☘️卫视频道, Name: 湖北卫视, Total: 26, Valid: 21, Valid Percent: 80.77%, Whitelist: 3, IPv4: 23, IPv6: 0, Min Delay: 236 ms, Max Speed: 18.36 M/s, Avg Speed: 1.77 M/s, Max Resolution: 1920x1080
Category: ☘️卫视频道, Name: 浙江卫视, Total: 30, Valid: 19, Valid Percent: 63.33%, Whitelist: 8, IPv4: 21, IPv6: 1, Min Delay: 300 ms, Max Speed: 13.91 M/s, Avg Speed: 3.65 M/s, Max Resolution: 1920x1080
Category: ☘️卫视频道, Name: 安多卫视, Total: 5, Valid: 2, Valid Percent: 40.00%, Whitelist: 3, IPv4: 2, IPv6: 0, Min Delay: 531 ms, Max Speed: 0.03 M/s, Avg Speed: 0.02 M/s, Max Resolution: 0x0
Category: ☘️卫视频道, Name: 安徽卫视, Total: 25, Valid: 19, Valid Percent: 76.00%, Whitelist: 3, IPv4: 22, IPv6: 0, Min Delay: 446 ms, Max Speed: 8.67 M/s, Avg Speed: 1.22 M/s, Max Resolution: 1920x1080
Category: ☘️卫视频道, Name: 兵团卫视, Total: 12, Valid: 7, Valid Percent: 58.33%, Whitelist: 3, IPv4: 9, IPv6: 0, Min Delay: 448 ms, Max Speed: 7.57 M/s, Avg Speed: 1.48 M/s, Max Resolution: 1920x1080
Category: ☘️卫视频道, Name: 东方卫视, Total: 28, Valid: 17, Valid Percent: 60.71%, Whitelist: 6, IPv4: 21, IPv6: 1, Min Delay: 302 ms, Max Speed: 16.64 M/s, Avg Speed: 3.47 M/s, Max Resolution: 1920x1080
Category: ☘️卫视频道, Name: 东南卫视, Total: 25, Valid: 19, Valid Percent: 76.00%, Whitelist: 3, IPv4: 22, IPv6: 0, Min Delay: 291 ms, Max Speed: 15.98 M/s, Avg Speed: 1.96 M/s, Max Resolution: 1920x1080
Category: ☘️卫视频道, Name: 甘肃卫视, Total: 20, Valid: 16, Valid Percent: 80.00%, Whitelist: 2, IPv4: 18, IPv6: 0, Min Delay: 312 ms, Max Speed: 14.02 M/s, Avg Speed: 2.76 M/s, Max Resolution: 1920x1080
Category: ☘️卫视频道, Name: 广东卫视, Total: 28, Valid: 20, Valid Percent: 71.43%, Whitelist: 3, IPv4: 24, IPv6: 1, Min Delay: 140 ms, Max Speed: 14.91 M/s, Avg Speed: 2.17 M/s, Max Resolution: 1920x1080
Category: ☘️卫视频道, Name: 广西卫视, Total: 24, Valid: 19, Valid Percent: 79.17%, Whitelist: 3, IPv4: 21, IPv6: 0, Min Delay: 386 ms, Max Speed: 13.17 M/s, Avg Speed: 2.15 M/s, Max Resolution: 1920x1080
Category: ☘️卫视频道, Name: 贵州卫视, Total: 23, Valid: 17, Valid Percent: 73.91%, Whitelist: 3, IPv4: 20, IPv6: 0, Min Delay: 158 ms, Max Speed: 15.74 M/s, Avg Speed: 2.51 M/s, Max Resolution: 1920x1080
Category: ☘️卫视频道, Name: 海南卫视, Total: 17, Valid: 11, Valid Percent: 64.71%, Whitelist: 4, IPv4: 13, IPv6: 0, Min Delay: 449 ms, Max Speed: 12.67 M/s, Avg Speed: 1.64 M/s, Max Resolution: 1920x1080
Category: ☘️卫视频道, Name: 海峡卫视, Total: 3, Valid: 2, Valid Percent: 66.67%, Whitelist: 0, IPv4: 2, IPv6: 1, Min Delay: 4587 ms, Max Speed: 0.29 M/s, Avg Speed: 0.24 M/s, Max Resolution: 1920x1080
Category: ☘️卫视频道, Name: 河北卫视, Total: 23, Valid: 19, Valid Percent: 82.61%, Whitelist: 3, IPv4: 20, IPv6: 0, Min Delay: 155 ms, Max Speed: 5.58 M/s, Avg Speed: 0.83 M/s, Max Resolution: 1920x1080
Category: ☘️卫视频道, Name: 河南卫视, Total: 24, Valid: 16, Valid Percent: 66.67%, Whitelist: 3, IPv4: 21, IPv6: 0, Min Delay: 446 ms, Max Speed: 2.30 M/s, Avg Speed: 0.75 M/s, Max Resolution: 1920x1080
Category: ☘️卫视频道, Name: 江西卫视, Total: 25, Valid: 20, Valid Percent: 80.00%, Whitelist: 3, IPv4: 22, IPv6: 0, Min Delay: 136 ms, Max Speed: 16.01 M/s, Avg Speed: 2.69 M/s, Max Resolution: 1920x1080
Category: ☘️卫视频道, Name: 康巴卫视, Total: 4, Valid: 2, Valid Percent: 50.00%, Whitelist: 2, IPv4: 2, IPv6: 0, Min Delay: 535 ms, Max Speed: 0.02 M/s, Avg Speed: 0.01 M/s, Max Resolution: 0x0
Category: ☘️卫视频道, Name: 旅游卫视, Total: 8, Valid: 6, Valid Percent: 75.00%, Whitelist: 0, IPv4: 8, IPv6: 0, Min Delay: 456 ms, Max Speed: 0.85 M/s, Avg Speed: 0.20 M/s, Max Resolution: 1920x1080
Category: ☘️卫视频道, Name: 内蒙古卫视, Total: 15, Valid: 13, Valid Percent: 86.67%, Whitelist: 2, IPv4: 13, IPv6: 0, Min Delay: 119 ms, Max Speed: 9.27 M/s, Avg Speed: 1.28 M/s, Max Resolution: 1920x1080
Category: ☘️卫视频道, Name: 宁夏卫视, Total: 14, Valid: 9, Valid Percent: 64.29%, Whitelist: 3, IPv4: 11, IPv6: 0, Min Delay: 154 ms, Max Speed: 14.95 M/s, Avg Speed: 3.30 M/s, Max Resolution: 1920x1080
Category: ☘️卫视频道, Name: 农林卫视, Total: 1, Valid: 1, Valid Percent: 100.00%, Whitelist: 0, IPv4: 1, IPv6: 0, Min Delay: 221 ms, Max Speed: 12.60 M/s, Avg Speed: 12.60 M/s, Max Resolution: 1920x1080
Category: ☘️卫视频道, Name: 青海卫视, Total: 21, Valid: 17, Valid Percent: 80.95%, Whitelist: 2, IPv4: 19, IPv6: 0, Min Delay: 339 ms, Max Speed: 16.21 M/s, Avg Speed: 2.80 M/s, Max Resolution: 1920x1080
Category: ☘️卫视频道, Name: 三沙卫视, Total: 11, Valid: 10, Valid Percent: 90.91%, Whitelist: 1, IPv4: 10, IPv6: 0, Min Delay: 270 ms, Max Speed: 12.13 M/s, Avg Speed: 2.23 M/s, Max Resolution: 1920x1080
Category: ☘️卫视频道, Name: 厦门卫视, Total: 10, Valid: 8, Valid Percent: 80.00%, Whitelist: 2, IPv4: 8, IPv6: 0, Min Delay: 338 ms, Max Speed: 15.54 M/s, Avg Speed: 2.01 M/s, Max Resolution: 720x576
Category: ☘️卫视频道, Name: 山东教育卫视, Total: 13, Valid: 7, Valid Percent: 53.85%, Whitelist: 3, IPv4: 10, IPv6: 0, Min Delay: 310 ms, Max Speed: 16.71 M/s, Avg Speed: 2.63 M/s, Max Resolution: 1920x1080
Category: ☘️卫视频道, Name: 山东卫视, Total: 27, Valid: 19, Valid Percent: 70.37%, Whitelist: 3, IPv4: 23, IPv6: 1, Min Delay: 304 ms, Max Speed: 17.22 M/s, Avg Speed: 5.40 M/s, Max Resolution: 1920x1080
Category: ☘️卫视频道, Name: 山西卫视, Total: 16, Valid: 12, Valid Percent: 75.00%, Whitelist: 2, IPv4: 14, IPv6: 0, Min Delay: 444 ms, Max Speed: 3.75 M/s, Avg Speed: 0.90 M/s, Max Resolution: 1920x1080
Category: ☘️卫视频道, Name: 陕西卫视, Total: 17, Valid: 15, Valid Percent: 88.24%, Whitelist: 2, IPv4: 15, IPv6: 0, Min Delay: 345 ms, Max Speed: 13.34 M/s, Avg Speed: 2.59 M/s, Max Resolution: 1920x1080
Category: ☘️卫视频道, Name: 深圳卫视, Total: 25, Valid: 16, Valid Percent: 64.00%, Whitelist: 3, IPv4: 21, IPv6: 1, Min Delay: 352 ms, Max Speed: 11.19 M/s, Avg Speed: 2.48 M/s, Max Resolution: 1920x1080
Category: ☘️卫视频道, Name: 四川卫视, Total: 17, Valid: 12, Valid Percent: 70.59%, Whitelist: 2, IPv4: 15, IPv6: 0, Min Delay: 470 ms, Max Speed: 4.50 M/s, Avg Speed: 1.00 M/s, Max Resolution: 1920x1080
Category: ☘️卫视频道, Name: 天津卫视, Total: 29, Valid: 24, Valid Percent: 82.76%, Whitelist: 3, IPv4: 26, IPv6: 0, Min Delay: 321 ms, Max Speed: 14.15 M/s, Avg Speed: 2.38 M/s, Max Resolution: 1920x1080
Category: ☘️卫视频道, Name: 延边卫视, Total: 8, Valid: 3, Valid Percent: 37.50%, Whitelist: 5, IPv4: 3, IPv6: 0, Min Delay: 520 ms, Max Speed: 0.19 M/s, Avg Speed: 0.08 M/s, Max Resolution: 720x576
Category: ☘️卫视频道, Name: 云南卫视, Total: 21, Valid: 14, Valid Percent: 66.67%, Whitelist: 3, IPv4: 18, IPv6: 0, Min Delay: 37 ms, Max Speed: 13.78 M/s, Avg Speed: 1.41 M/s, Max Resolution: 1920x1080
Category: ☘️卫视频道, Name: 重庆卫视, Total: 26, Valid: 21, Valid Percent: 80.77%, Whitelist: 3, IPv4: 23, IPv6: 0, Min Delay: 115 ms, Max Speed: 15.93 M/s, Avg Speed: 1.84 M/s, Max Resolution: 1920x1080
Category: ☘️卫视频道, Name: 环球电视, Total: 2, Valid: 1, Valid Percent: 50.00%, Whitelist: 0, IPv4: 1, IPv6: 1, Min Delay: 7788 ms, Max Speed: 0.48 M/s, Avg Speed: 0.48 M/s, Max Resolution: 1920x1080
Category: ☘️卫视频道, Name: 大湾区卫视, Total: 6, Valid: 5, Valid Percent: 83.33%, Whitelist: 1, IPv4: 5, IPv6: 0, Min Delay: 299 ms, Max Speed: 17.87 M/s, Avg Speed: 12.61 M/s, Max Resolution: 1920x1080
Category: ☘️卫视频道, Name: 西藏卫视, Total: 16, Valid: 10, Valid Percent: 62.50%, Whitelist: 4, IPv4: 12, IPv6: 0, Min Delay: 126 ms, Max Speed: 16.46 M/s, Avg Speed: 4.69 M/s, Max Resolution: 1920x1080
Category: ☘️卫视频道, Name: 新疆卫视, Total: 15, Valid: 10, Valid Percent: 66.67%, Whitelist: 3, IPv4: 12, IPv6: 0, Min Delay: 319 ms, Max Speed: 13.98 M/s, Avg Speed: 3.34 M/s, Max Resolution: 1920x1080
Category: ☘️港澳频道, Name: 凤凰中文, Total: 10, Valid: 6, Valid Percent: 60.00%, Whitelist: 1, IPv4: 7, IPv6: 2, Min Delay: 529 ms, Max Speed: 0.66 M/s, Avg Speed: 0.17 M/s, Max Resolution: 1920x1080
Category: ☘️港澳频道, Name: 凤凰资讯, Total: 12, Valid: 8, Valid Percent: 66.67%, Whitelist: 1, IPv4: 9, IPv6: 2, Min Delay: 530 ms, Max Speed: 0.50 M/s, Avg Speed: 0.17 M/s, Max Resolution: 1920x1080
Category: ☘️港澳频道, Name: 凤凰香港, Total: 6, Valid: 2, Valid Percent: 33.33%, Whitelist: 1, IPv4: 2, IPv6: 3, Min Delay: 821 ms, Max Speed: 0.20 M/s, Avg Speed: 0.13 M/s, Max Resolution: 1280x720
Category: ☘️港澳频道, Name: 中天新闻, Total: 23, Valid: 18, Valid Percent: 78.26%, Whitelist: 1, IPv4: 22, IPv6: 0, Min Delay: 153 ms, Max Speed: 5.23 M/s, Avg Speed: 0.77 M/s, Max Resolution: 1920x1080
Category: ☘️港澳频道, Name: 中视新闻, Total: 1, Valid: 0, Valid Percent: 0.00%, Whitelist: 1, IPv4: 0, IPv6: 0, Min Delay: -1 ms, Max Speed: 0.00 M/s, Avg Speed: 0.00 M/s, Max Resolution: None
Category: ☘️港澳频道, Name: 寰宇新闻, Total: 5, Valid: 5, Valid Percent: 100.00%, Whitelist: 0, IPv4: 5, IPv6: 0, Min Delay: 939 ms, Max Speed: 0.32 M/s, Avg Speed: 0.24 M/s, Max Resolution: 1920x1080
Category: ☘️港澳频道, Name: 东森新闻, Total: 2, Valid: 1, Valid Percent: 50.00%, Whitelist: 1, IPv4: 1, IPv6: 0, Min Delay: 879 ms, Max Speed: 0.23 M/s, Avg Speed: 0.23 M/s, Max Resolution: 1080x720
Category: ☘️港澳频道, Name: 镜新闻, Total: 1, Valid: 0, Valid Percent: 0.00%, Whitelist: 0, IPv4: 0, IPv6: 1, Min Delay: -1 ms, Max Speed: 0.00 M/s, Avg Speed: 0.00 M/s, Max Resolution: None
Category: ☘️港澳频道, Name: 非凡新闻, Total: 1, Valid: 1, Valid Percent: 100.00%, Whitelist: 0, IPv4: 1, IPv6: 0, Min Delay: 5449 ms, Max Speed: 0.00 M/s, Avg Speed: 0.00 M/s, Max Resolution: 1280x720
Category: ☘️港澳频道, Name: TVBS新闻, Total: 2, Valid: 1, Valid Percent: 50.00%, Whitelist: 1, IPv4: 1, IPv6: 0, Min Delay: 4273 ms, Max Speed: 0.00 M/s, Avg Speed: 0.00 M/s, Max Resolution: 1280x720
Category: ☘️港澳频道, Name: 中天娱乐, Total: 1, Valid: 1, Valid Percent: 100.00%, Whitelist: 0, IPv4: 1, IPv6: 0, Min Delay: 9571 ms, Max Speed: 0.22 M/s, Avg Speed: 0.22 M/s, Max Resolution: 1280x720
Category: ☘️港澳频道, Name: 民视频道, Total: 1, Valid: 1, Valid Percent: 100.00%, Whitelist: 0, IPv4: 1, IPv6: 0, Min Delay: 3831 ms, Max Speed: 0.00 M/s, Avg Speed: 0.00 M/s, Max Resolution: 1280x720
Category: ☘️港澳频道, Name: 台视频道, Total: 1, Valid: 1, Valid Percent: 100.00%, Whitelist: 0, IPv4: 1, IPv6: 0, Min Delay: 5215 ms, Max Speed: 0.00 M/s, Avg Speed: 0.00 M/s, Max Resolution: 1280x720
Category: ☘️港澳频道, Name: 中视频道, Total: 1, Valid: 1, Valid Percent: 100.00%, Whitelist: 0, IPv4: 1, IPv6: 0, Min Delay: 4534 ms, Max Speed: 0.00 M/s, Avg Speed: 0.00 M/s, Max Resolution: 1280x720
Category: ☘️港澳频道, Name: 华视频道, Total: 1, Valid: 0, Valid Percent: 0.00%, Whitelist: 0, IPv4: 1, IPv6: 0, Min Delay: 10006 ms, Max Speed: 0.00 M/s, Avg Speed: 0.00 M/s, Max Resolution: None
Category: ☘️港澳频道, Name: 纬来体育, Total: 1, Valid: 1, Valid Percent: 100.00%, Whitelist: 0, IPv4: 1, IPv6: 0, Min Delay: 5831 ms, Max Speed: 0.00 M/s, Avg Speed: 0.00 M/s, Max Resolution: 1280x720
Category: ☘️港澳频道, Name: 纬来育乐, Total: 1, Valid: 1, Valid Percent: 100.00%, Whitelist: 0, IPv4: 1, IPv6: 0, Min Delay: 5630 ms, Max Speed: 0.00 M/s, Avg Speed: 0.00 M/s, Max Resolution: 1280x720
Category: ☘️港澳频道, Name: 纬来日本, Total: 1, Valid: 0, Valid Percent: 0.00%, Whitelist: 0, IPv4: 1, IPv6: 0, Min Delay: 10005 ms, Max Speed: 0.00 M/s, Avg Speed: 0.00 M/s, Max Resolution: None
Category: ☘️港澳频道, Name: 东森新闻频波, Total: 1, Valid: 1, Valid Percent: 100.00%, Whitelist: 0, IPv4: 1, IPv6: 0, Min Delay: 457 ms, Max Speed: 0.31 M/s, Avg Speed: 0.31 M/s, Max Resolution: 1920x1080
Category: ☘️港澳频道, Name: 民视新闻频波, Total: 1, Valid: 1, Valid Percent: 100.00%, Whitelist: 0, IPv4: 1, IPv6: 0, Min Delay: 468 ms, Max Speed: 0.57 M/s, Avg Speed: 0.57 M/s, Max Resolution: 1920x1080
Category: ☘️港澳频道, Name: 中视闽南频波, Total: 1, Valid: 1, Valid Percent: 100.00%, Whitelist: 0, IPv4: 1, IPv6: 0, Min Delay: 456 ms, Max Speed: 0.29 M/s, Avg Speed: 0.29 M/s, Max Resolution: 1920x1080
Category: ☘️港澳频道, Name: 华视闽南频波, Total: 1, Valid: 1, Valid Percent: 100.00%, Whitelist: 0, IPv4: 1, IPv6: 0, Min Delay: 454 ms, Max Speed: 0.29 M/s, Avg Speed: 0.29 M/s, Max Resolution: 1920x1080
Category: ☘️港澳频道, Name: 公视闽南频波, Total: 1, Valid: 1, Valid Percent: 100.00%, Whitelist: 0, IPv4: 1, IPv6: 0, Min Delay: 473 ms, Max Speed: 0.31 M/s, Avg Speed: 0.31 M/s, Max Resolution: 1920x1080
Category: ☘️港澳频道, Name: 民视闽南频波, Total: 1, Valid: 1, Valid Percent: 100.00%, Whitelist: 0, IPv4: 1, IPv6: 0, Min Delay: 481 ms, Max Speed: 0.30 M/s, Avg Speed: 0.30 M/s, Max Resolution: 1920x1080
Category: ☘️港澳频道, Name: 台视闽南频波, Total: 1, Valid: 1, Valid Percent: 100.00%, Whitelist: 0, IPv4: 1, IPv6: 0, Min Delay: 452 ms, Max Speed: 0.29 M/s, Avg Speed: 0.29 M/s, Max Resolution: 1280x720
Category: ☘️港澳频道, Name: 翡翠台, Total: 3, Valid: 1, Valid Percent: 33.33%, Whitelist: 0, IPv4: 1, IPv6: 2, Min Delay: 396 ms, Max Speed: 1.16 M/s, Avg Speed: 1.16 M/s, Max Resolution: 1920x1080
Category: ☘️港澳频道, Name: 无线新闻, Total: 1, Valid: 0, Valid Percent: 0.00%, Whitelist: 0, IPv4: 0, IPv6: 1, Min Delay: -1 ms, Max Speed: 0.00 M/s, Avg Speed: 0.00 M/s, Max Resolution: None
Category: ☘️港澳频道, Name: TVB Plus, Total: 2, Valid: 0, Valid Percent: 0.00%, Whitelist: 0, IPv4: 0, IPv6: 2, Min Delay: -1 ms, Max Speed: 0.00 M/s, Avg Speed: 0.00 M/s, Max Resolution: None
Category: ☘️港澳频道, Name: 明珠台, Total: 2, Valid: 0, Valid Percent: 0.00%, Whitelist: 0, IPv4: 0, IPv6: 2, Min Delay: -1 ms, Max Speed: 0.00 M/s, Avg Speed: 0.00 M/s, Max Resolution: None
Category: ☘️港澳频道, Name: TVB星河, Total: 2, Valid: 0, Valid Percent: 0.00%, Whitelist: 0, IPv4: 0, IPv6: 2, Min Delay: -1 ms, Max Speed: 0.00 M/s, Avg Speed: 0.00 M/s, Max Resolution: None
Category: ☘️港澳频道, Name: 澳视澳门, Total: 1, Valid: 0, Valid Percent: 0.00%, Whitelist: 0, IPv4: 0, IPv6: 1, Min Delay: -1 ms, Max Speed: 0.00 M/s, Avg Speed: 0.00 M/s, Max Resolution: None
Category: ☘️港澳频道, Name: HOY77, Total: 1, Valid: 0, Valid Percent: 0.00%, Whitelist: 0, IPv4: 0, IPv6: 1, Min Delay: -1 ms, Max Speed: 0.00 M/s, Avg Speed: 0.00 M/s, Max Resolution: None
Category: ☘️港澳频道, Name: 东森超视, Total: 1, Valid: 1, Valid Percent: 100.00%, Whitelist: 0, IPv4: 1, IPv6: 0, Min Delay: 4092 ms, Max Speed: 0.00 M/s, Avg Speed: 0.00 M/s, Max Resolution: 1280x720
Category: ☘️港澳频道, Name: 三立新闻, Total: 1, Valid: 0, Valid Percent: 0.00%, Whitelist: 1, IPv4: 0, IPv6: 0, Min Delay: -1 ms, Max Speed: 0.00 M/s, Avg Speed: 0.00 M/s, Max Resolution: None
Category: ☘️港澳频道, Name: 华文四套, Total: 1, Valid: 0, Valid Percent: 0.00%, Whitelist: 0, IPv4: 0, IPv6: 1, Min Delay: -1 ms, Max Speed: 0.00 M/s, Avg Speed: 0.00 M/s, Max Resolution: None
Category: 🎬影视频道, Name: 邵氏动作, Total: 3, Valid: 2, Valid Percent: 66.67%, Whitelist: 1, IPv4: 2, IPv6: 0, Min Delay: 293 ms, Max Speed: 13.45 M/s, Avg Speed: 7.70 M/s, Max Resolution: 1920x800
Category: 🎬影视频道, Name: 邵氏喜剧, Total: 3, Valid: 2, Valid Percent: 66.67%, Whitelist: 1, IPv4: 2, IPv6: 0, Min Delay: 371 ms, Max Speed: 15.21 M/s, Avg Speed: 8.31 M/s, Max Resolution: 1920x1080
Category: 🎬影视频道, Name: 邵氏电影, Total: 3, Valid: 2, Valid Percent: 66.67%, Whitelist: 1, IPv4: 2, IPv6: 0, Min Delay: 357 ms, Max Speed: 15.84 M/s, Avg Speed: 8.59 M/s, Max Resolution: 1920x818
Category: 🎬影视频道, Name: 邵氏武侠, Total: 3, Valid: 2, Valid Percent: 66.67%, Whitelist: 1, IPv4: 2, IPv6: 0, Min Delay: 222 ms, Max Speed: 13.78 M/s, Avg Speed: 7.50 M/s, Max Resolution: 1920x814
Category: 🎬影视频道, Name: 邵氏影院, Total: 2, Valid: 1, Valid Percent: 50.00%, Whitelist: 0, IPv4: 1, IPv6: 1, Min Delay: 57 ms, Max Speed: 1.03 M/s, Avg Speed: 1.03 M/s, Max Resolution: 640x360
Category: 🎬影视频道, Name: 重温经典, Total: 9, Valid: 1, Valid Percent: 11.11%, Whitelist: 6, IPv4: 1, IPv6: 2, Min Delay: 10588 ms, Max Speed: 0.84 M/s, Avg Speed: 0.84 M/s, Max Resolution: 1920x1080
Category: 🎬影视频道, Name: CHC家庭影院, Total: 10, Valid: 6, Valid Percent: 60.00%, Whitelist: 3, IPv4: 6, IPv6: 1, Min Delay: 136 ms, Max Speed: 6.35 M/s, Avg Speed: 1.22 M/s, Max Resolution: 1920x1080
Category: 🎬影视频道, Name: CHC动作电影, Total: 10, Valid: 6, Valid Percent: 60.00%, Whitelist: 3, IPv4: 6, IPv6: 1, Min Delay: 163 ms, Max Speed: 7.19 M/s, Avg Speed: 1.29 M/s, Max Resolution: 1920x1080
Category: 🎬影视频道, Name: CHC影迷电影, Total: 6, Valid: 1, Valid Percent: 16.67%, Whitelist: 3, IPv4: 2, IPv6: 1, Min Delay: 169 ms, Max Speed: 10.33 M/s, Avg Speed: 10.33 M/s, Max Resolution: 1920x1080
Category: 🎬影视频道, Name: 龙华电影, Total: 1, Valid: 0, Valid Percent: 0.00%, Whitelist: 0, IPv4: 0, IPv6: 1, Min Delay: -1 ms, Max Speed: 0.00 M/s, Avg Speed: 0.00 M/s, Max Resolution: None
Category: 🎬影视频道, Name: 龙华经典, Total: 1, Valid: 0, Valid Percent: 0.00%, Whitelist: 0, IPv4: 0, IPv6: 1, Min Delay: -1 ms, Max Speed: 0.00 M/s, Avg Speed: 0.00 M/s, Max Resolution: None
Category: 🎬影视频道, Name: 龙华卡界, Total: 1, Valid: 0, Valid Percent: 0.00%, Whitelist: 0, IPv4: 0, IPv6: 1, Min Delay: -1 ms, Max Speed: 0.00 M/s, Avg Speed: 0.00 M/s, Max Resolution: None
Category: 🎬影视频道, Name: 龙华偶像, Total: 1, Valid: 0, Valid Percent: 0.00%, Whitelist: 0, IPv4: 0, IPv6: 1, Min Delay: -1 ms, Max Speed: 0.00 M/s, Avg Speed: 0.00 M/s, Max Resolution: None
Category: 🎬影视频道, Name: 龙华日韩, Total: 1, Valid: 0, Valid Percent: 0.00%, Whitelist: 0, IPv4: 0, IPv6: 1, Min Delay: -1 ms, Max Speed: 0.00 M/s, Avg Speed: 0.00 M/s, Max Resolution: None
Category: 🎬影视频道, Name: 龙华戏剧, Total: 1, Valid: 0, Valid Percent: 0.00%, Whitelist: 0, IPv4: 0, IPv6: 1, Min Delay: -1 ms, Max Speed: 0.00 M/s, Avg Speed: 0.00 M/s, Max Resolution: None
Category: 🎬影视频道, Name: 龙华洋片, Total: 1, Valid: 0, Valid Percent: 0.00%, Whitelist: 0, IPv4: 0, IPv6: 1, Min Delay: -1 ms, Max Speed: 0.00 M/s, Avg Speed: 0.00 M/s, Max Resolution: None
Category: 🎬影视频道, Name: 电影放映厅, Total: 2, Valid: 0, Valid Percent: 0.00%, Whitelist: 1, IPv4: 0, IPv6: 1, Min Delay: -1 ms, Max Speed: 0.00 M/s, Avg Speed: 0.00 M/s, Max Resolution: None
Category: 🎬影视频道, Name: 电影刘德华, Total: 2, Valid: 0, Valid Percent: 0.00%, Whitelist: 1, IPv4: 0, IPv6: 1, Min Delay: -1 ms, Max Speed: 0.00 M/s, Avg Speed: 0.00 M/s, Max Resolution: None
Category: 🎬影视频道, Name: 电影许冠英, Total: 2, Valid: 0, Valid Percent: 0.00%, Whitelist: 1, IPv4: 0, IPv6: 1, Min Delay: -1 ms, Max Speed: 0.00 M/s, Avg Speed: 0.00 M/s, Max Resolution: None
Category: 🎬影视频道, Name: 电影李连杰, Total: 2, Valid: 0, Valid Percent: 0.00%, Whitelist: 1, IPv4: 0, IPv6: 1, Min Delay: -1 ms, Max Speed: 0.00 M/s, Avg Speed: 0.00 M/s, Max Resolution: None
Category: 🎬影视频道, Name: 电影甄子丹, Total: 2, Valid: 0, Valid Percent: 0.00%, Whitelist: 1, IPv4: 0, IPv6: 1, Min Delay: -1 ms, Max Speed: 0.00 M/s, Avg Speed: 0.00 M/s, Max Resolution: None
Category: 🎬影视频道, Name: 电影周润发, Total: 3, Valid: 1, Valid Percent: 33.33%, Whitelist: 1, IPv4: 1, IPv6: 1, Min Delay: 358 ms, Max Speed: 16.79 M/s, Avg Speed: 16.79 M/s, Max Resolution: 2542x1080
Category: 🎬影视频道, Name: 电影周星星, Total: 2, Valid: 0, Valid Percent: 0.00%, Whitelist: 1, IPv4: 0, IPv6: 1, Min Delay: -1 ms, Max Speed: 0.00 M/s, Avg Speed: 0.00 M/s, Max Resolution: None
Category: 🎬影视频道, Name: 电影洪金宝, Total: 2, Valid: 0, Valid Percent: 0.00%, Whitelist: 1, IPv4: 0, IPv6: 1, Min Delay: -1 ms, Max Speed: 0.00 M/s, Avg Speed: 0.00 M/s, Max Resolution: None
Category: 🎬影视频道, Name: 电影梁家辉, Total: 2, Valid: 0, Valid Percent: 0.00%, Whitelist: 1, IPv4: 0, IPv6: 1, Min Delay: -1 ms, Max Speed: 0.00 M/s, Avg Speed: 0.00 M/s, Max Resolution: None
Category: 🎬影视频道, Name: 电影五福星, Total: 2, Valid: 0, Valid Percent: 0.00%, Whitelist: 1, IPv4: 0, IPv6: 1, Min Delay: -1 ms, Max Speed: 0.00 M/s, Avg Speed: 0.00 M/s, Max Resolution: None
Category: 🎬影视频道, Name: 电影古天乐, Total: 2, Valid: 0, Valid Percent: 0.00%, Whitelist: 1, IPv4: 0, IPv6: 1, Min Delay: -1 ms, Max Speed: 0.00 M/s, Avg Speed: 0.00 M/s, Max Resolution: None
Category: 🎬影视频道, Name: 电影邱淑贞, Total: 2, Valid: 0, Valid Percent: 0.00%, Whitelist: 1, IPv4: 0, IPv6: 1, Min Delay: -1 ms, Max Speed: 0.00 M/s, Avg Speed: 0.00 M/s, Max Resolution: None
Category: 🎬影视频道, Name: 电影周海媚, Total: 2, Valid: 0, Valid Percent: 0.00%, Whitelist: 1, IPv4: 0, IPv6: 1, Min Delay: -1 ms, Max Speed: 0.00 M/s, Avg Speed: 0.00 M/s, Max Resolution: None
Category: 🎬影视频道, Name: 电影星爷, Total: 2, Valid: 0, Valid Percent: 0.00%, Whitelist: 1, IPv4: 0, IPv6: 1, Min Delay: -1 ms, Max Speed: 0.00 M/s, Avg Speed: 0.00 M/s, Max Resolution: None
Category: 🎬影视频道, Name: 电影星爷粤语, Total: 2, Valid: 0, Valid Percent: 0.00%, Whitelist: 1, IPv4: 0, IPv6: 1, Min Delay: -1 ms, Max Speed: 0.00 M/s, Avg Speed: 0.00 M/s, Max Resolution: None
Category: 🎬影视频道, Name: 电影英叔, Total: 2, Valid: 0, Valid Percent: 0.00%, Whitelist: 1, IPv4: 0, IPv6: 1, Min Delay: -1 ms, Max Speed: 0.00 M/s, Avg Speed: 0.00 M/s, Max Resolution: None
Category: 🎬影视频道, Name: 电影成龙, Total: 3, Valid: 1, Valid Percent: 33.33%, Whitelist: 1, IPv4: 1, IPv6: 1, Min Delay: 170 ms, Max Speed: 9.13 M/s, Avg Speed: 9.13 M/s, Max Resolution: 868x480
Category: 🎬影视频道, Name: 电影王晶, Total: 2, Valid: 0, Valid Percent: 0.00%, Whitelist: 1, IPv4: 0, IPv6: 1, Min Delay: -1 ms, Max Speed: 0.00 M/s, Avg Speed: 0.00 M/s, Max Resolution: None
Category: 🎬影视频道, Name: 电影沈腾, Total: 2, Valid: 0, Valid Percent: 0.00%, Whitelist: 1, IPv4: 0, IPv6: 1, Min Delay: -1 ms, Max Speed: 0.00 M/s, Avg Speed: 0.00 M/s, Max Resolution: None
Category: 🎬影视频道, Name: 电影黄渤, Total: 2, Valid: 0, Valid Percent: 0.00%, Whitelist: 1, IPv4: 0, IPv6: 1, Min Delay: -1 ms, Max Speed: 0.00 M/s, Avg Speed: 0.00 M/s, Max Resolution: None
Category: 🎬影视频道, Name: 电影吴京, Total: 2, Valid: 0, Valid Percent: 0.00%, Whitelist: 1, IPv4: 0, IPv6: 1, Min Delay: -1 ms, Max Speed: 0.00 M/s, Avg Speed: 0.00 M/s, Max Resolution: None
Category: 🎬影视频道, Name: 电影贺岁片, Total: 2, Valid: 0, Valid Percent: 0.00%, Whitelist: 1, IPv4: 0, IPv6: 1, Min Delay: -1 ms, Max Speed: 0.00 M/s, Avg Speed: 0.00 M/s, Max Resolution: None
Category: 🎬影视频道, Name: 电影黑帮片, Total: 2, Valid: 0, Valid Percent: 0.00%, Whitelist: 1, IPv4: 0, IPv6: 1, Min Delay: -1 ms, Max Speed: 0.00 M/s, Avg Speed: 0.00 M/s, Max Resolution: None
Category: 🎬影视频道, Name: 电影丧尸片, Total: 2, Valid: 0, Valid Percent: 0.00%, Whitelist: 1, IPv4: 0, IPv6: 1, Min Delay: -1 ms, Max Speed: 0.00 M/s, Avg Speed: 0.00 M/s, Max Resolution: None
Category: 🎬影视频道, Name: 电影灾难片, Total: 2, Valid: 0, Valid Percent: 0.00%, Whitelist: 1, IPv4: 0, IPv6: 1, Min Delay: -1 ms, Max Speed: 0.00 M/s, Avg Speed: 0.00 M/s, Max Resolution: None
Category: 🎬影视频道, Name: 电影谍战片, Total: 2, Valid: 0, Valid Percent: 0.00%, Whitelist: 1, IPv4: 0, IPv6: 1, Min Delay: -1 ms, Max Speed: 0.00 M/s, Avg Speed: 0.00 M/s, Max Resolution: None
Category: 🎬影视频道, Name: 电影战争片, Total: 2, Valid: 0, Valid Percent: 0.00%, Whitelist: 1, IPv4: 0, IPv6: 1, Min Delay: -1 ms, Max Speed: 0.00 M/s, Avg Speed: 0.00 M/s, Max Resolution: None
Category: 🎬影视频道, Name: 电影犯罪片, Total: 2, Valid: 0, Valid Percent: 0.00%, Whitelist: 1, IPv4: 0, IPv6: 1, Min Delay: -1 ms, Max Speed: 0.00 M/s, Avg Speed: 0.00 M/s, Max Resolution: None
Category: 🎬影视频道, Name: 电影古装片, Total: 2, Valid: 0, Valid Percent: 0.00%, Whitelist: 1, IPv4: 0, IPv6: 1, Min Delay: -1 ms, Max Speed: 0.00 M/s, Avg Speed: 0.00 M/s, Max Resolution: None
Category: 🎬影视频道, Name: 电影功夫片, Total: 2, Valid: 0, Valid Percent: 0.00%, Whitelist: 1, IPv4: 0, IPv6: 1, Min Delay: -1 ms, Max Speed: 0.00 M/s, Avg Speed: 0.00 M/s, Max Resolution: None
Category: 🎬影视频道, Name: 电影喜乐影院, Total: 2, Valid: 0, Valid Percent: 0.00%, Whitelist: 1, IPv4: 0, IPv6: 1, Min Delay: -1 ms, Max Speed: 0.00 M/s, Avg Speed: 0.00 M/s, Max Resolution: None
Category: 🎬影视频道, Name: 电影金庸武侠, Total: 2, Valid: 0, Valid Percent: 0.00%, Whitelist: 1, IPv4: 0, IPv6: 1, Min Delay: -1 ms, Max Speed: 0.00 M/s, Avg Speed: 0.00 M/s, Max Resolution: None
Category: 🎬影视频道, Name: 电影喜剧专场, Total: 2, Valid: 0, Valid Percent: 0.00%, Whitelist: 1, IPv4: 0, IPv6: 1, Min Delay: -1 ms, Max Speed: 0.00 M/s, Avg Speed: 0.00 M/s, Max Resolution: None
Category: 🎬影视频道, Name: 电影高分动作, Total: 2, Valid: 0, Valid Percent: 0.00%, Whitelist: 1, IPv4: 0, IPv6: 1, Min Delay: -1 ms, Max Speed: 0.00 M/s, Avg Speed: 0.00 M/s, Max Resolution: None
Category: 🎬影视频道, Name: 电影不挤影院, Total: 2, Valid: 0, Valid Percent: 0.00%, Whitelist: 1, IPv4: 0, IPv6: 1, Min Delay: -1 ms, Max Speed: 0.00 M/s, Avg Speed: 0.00 M/s, Max Resolution: None
Category: 🎬影视频道, Name: 电影黑帮斗争, Total: 2, Valid: 0, Valid Percent: 0.00%, Whitelist: 1, IPv4: 0, IPv6: 1, Min Delay: -1 ms, Max Speed: 0.00 M/s, Avg Speed: 0.00 M/s, Max Resolution: None
Category: 🎬影视频道, Name: 电影嫣然影厅, Total: 2, Valid: 0, Valid Percent: 0.00%, Whitelist: 1, IPv4: 0, IPv6: 1, Min Delay: -1 ms, Max Speed: 0.00 M/s, Avg Speed: 0.00 M/s, Max Resolution: None
Category: 🎬影视频道, Name: 电影女神系列, Total: 2, Valid: 0, Valid Percent: 0.00%, Whitelist: 1, IPv4: 0, IPv6: 1, Min Delay: -1 ms, Max Speed: 0.00 M/s, Avg Speed: 0.00 M/s, Max Resolution: None
Category: 🎬影视频道, Name: 电影经典女神, Total: 2, Valid: 0, Valid Percent: 0.00%, Whitelist: 1, IPv4: 0, IPv6: 1, Min Delay: -1 ms, Max Speed: 0.00 M/s, Avg Speed: 0.00 M/s, Max Resolution: None
Category: 🎬影视频道, Name: 电影许氏三杰, Total: 2, Valid: 0, Valid Percent: 0.00%, Whitelist: 1, IPv4: 0, IPv6: 1, Min Delay: -1 ms, Max Speed: 0.00 M/s, Avg Speed: 0.00 M/s, Max Resolution: None
Category: 🎬影视频道, Name: 电影经典港片, Total: 2, Valid: 0, Valid Percent: 0.00%, Whitelist: 1, IPv4: 0, IPv6: 1, Min Delay: -1 ms, Max Speed: 0.00 M/s, Avg Speed: 0.00 M/s, Max Resolution: None
Category: 🎬影视频道, Name: 电影镖行天下, Total: 2, Valid: 0, Valid Percent: 0.00%, Whitelist: 1, IPv4: 0, IPv6: 1, Min Delay: -1 ms, Max Speed: 0.00 M/s, Avg Speed: 0.00 M/s, Max Resolution: None
Category: 🎬影视频道, Name: 电影蘑菇影厅, Total: 2, Valid: 0, Valid Percent: 0.00%, Whitelist: 1, IPv4: 0, IPv6: 1, Min Delay: -1 ms, Max Speed: 0.00 M/s, Avg Speed: 0.00 M/s, Max Resolution: None
Category: 🎬影视频道, Name: 电影搞笑恐怖, Total: 2, Valid: 0, Valid Percent: 0.00%, Whitelist: 1, IPv4: 0, IPv6: 1, Min Delay: -1 ms, Max Speed: 0.00 M/s, Avg Speed: 0.00 M/s, Max Resolution: None
Category: 🎬影视频道, Name: 电影死神来了, Total: 2, Valid: 0, Valid Percent: 0.00%, Whitelist: 1, IPv4: 0, IPv6: 1, Min Delay: -1 ms, Max Speed: 0.00 M/s, Avg Speed: 0.00 M/s, Max Resolution: None
Category: 🎬影视频道, Name: 电影超异能族, Total: 2, Valid: 0, Valid Percent: 0.00%, Whitelist: 1, IPv4: 0, IPv6: 1, Min Delay: -1 ms, Max Speed: 0.00 M/s, Avg Speed: 0.00 M/s, Max Resolution: None
Category: 🎬影视频道, Name: 电影古墓系列, Total: 2, Valid: 0, Valid Percent: 0.00%, Whitelist: 1, IPv4: 0, IPv6: 1, Min Delay: -1 ms, Max Speed: 0.00 M/s, Avg Speed: 0.00 M/s, Max Resolution: None
Category: 🎬影视频道, Name: 电影动作电影, Total: 2, Valid: 0, Valid Percent: 0.00%, Whitelist: 1, IPv4: 0, IPv6: 1, Min Delay: -1 ms, Max Speed: 0.00 M/s, Avg Speed: 0.00 M/s, Max Resolution: None
Category: 🎬影视频道, Name: 电影搞笑喜剧, Total: 2, Valid: 0, Valid Percent: 0.00%, Whitelist: 1, IPv4: 0, IPv6: 1, Min Delay: -1 ms, Max Speed: 0.00 M/s, Avg Speed: 0.00 M/s, Max Resolution: None
Category: 🎬影视频道, Name: 电影欢笑影院, Total: 2, Valid: 0, Valid Percent: 0.00%, Whitelist: 1, IPv4: 0, IPv6: 1, Min Delay: -1 ms, Max Speed: 0.00 M/s, Avg Speed: 0.00 M/s, Max Resolution: None
Category: 🎬影视频道, Name: 电影国产悬疑, Total: 2, Valid: 0, Valid Percent: 0.00%, Whitelist: 1, IPv4: 0, IPv6: 1, Min Delay: -1 ms, Max Speed: 0.00 M/s, Avg Speed: 0.00 M/s, Max Resolution: None
Category: 🎬影视频道, Name: 电影快意江湖, Total: 2, Valid: 0, Valid Percent: 0.00%, Whitelist: 1, IPv4: 0, IPv6: 1, Min Delay: -1 ms, Max Speed: 0.00 M/s, Avg Speed: 0.00 M/s, Max Resolution: None
Category: 🎬影视频道, Name: 电影怪兽系列, Total: 2, Valid: 0, Valid Percent: 0.00%, Whitelist: 1, IPv4: 0, IPv6: 1, Min Delay: -1 ms, Max Speed: 0.00 M/s, Avg Speed: 0.00 M/s, Max Resolution: None
Category: 🎬影视频道, Name: 电影永夜星河, Total: 2, Valid: 0, Valid Percent: 0.00%, Whitelist: 1, IPv4: 0, IPv6: 1, Min Delay: -1 ms, Max Speed: 0.00 M/s, Avg Speed: 0.00 M/s, Max Resolution: None
Category: 🎬影视频道, Name: 电影高能反转, Total: 2, Valid: 0, Valid Percent: 0.00%, Whitelist: 1, IPv4: 0, IPv6: 1, Min Delay: -1 ms, Max Speed: 0.00 M/s, Avg Speed: 0.00 M/s, Max Resolution: None
Category: 🎬影视频道, Name: 电影变形金刚, Total: 2, Valid: 0, Valid Percent: 0.00%, Whitelist: 1, IPv4: 0, IPv6: 1, Min Delay: -1 ms, Max Speed: 0.00 M/s, Avg Speed: 0.00 M/s, Max Resolution: None
Category: 🎬影视频道, Name: 电影玄幻, Total: 2, Valid: 0, Valid Percent: 0.00%, Whitelist: 1, IPv4: 0, IPv6: 1, Min Delay: -1 ms, Max Speed: 0.00 M/s, Avg Speed: 0.00 M/s, Max Resolution: None
Category: 🎬影视频道, Name: 电影喜剧, Total: 2, Valid: 0, Valid Percent: 0.00%, Whitelist: 1, IPv4: 0, IPv6: 1, Min Delay: -1 ms, Max Speed: 0.00 M/s, Avg Speed: 0.00 M/s, Max Resolution: None
Category: 🎬影视频道, Name: 电影港片, Total: 2, Valid: 0, Valid Percent: 0.00%, Whitelist: 1, IPv4: 0, IPv6: 1, Min Delay: -1 ms, Max Speed: 0.00 M/s, Avg Speed: 0.00 M/s, Max Resolution: None
Category: 🎬影视频道, Name: 电影国产, Total: 2, Valid: 0, Valid Percent: 0.00%, Whitelist: 1, IPv4: 0, IPv6: 1, Min Delay: -1 ms, Max Speed: 0.00 M/s, Avg Speed: 0.00 M/s, Max Resolution: None
Category: 🎬影视频道, Name: 电影漫威, Total: 2, Valid: 0, Valid Percent: 0.00%, Whitelist: 1, IPv4: 0, IPv6: 1, Min Delay: -1 ms, Max Speed: 0.00 M/s, Avg Speed: 0.00 M/s, Max Resolution: None
Category: 🎬影视频道, Name: 电影宇宙, Total: 2, Valid: 0, Valid Percent: 0.00%, Whitelist: 1, IPv4: 0, IPv6: 1, Min Delay: -1 ms, Max Speed: 0.00 M/s, Avg Speed: 0.00 M/s, Max Resolution: None
Category: 🎬影视频道, Name: 电影怪兽, Total: 2, Valid: 0, Valid Percent: 0.00%, Whitelist: 1, IPv4: 0, IPv6: 1, Min Delay: -1 ms, Max Speed: 0.00 M/s, Avg Speed: 0.00 M/s, Max Resolution: None
Category: 🎬影视频道, Name: 电影武侠, Total: 2, Valid: 0, Valid Percent: 0.00%, Whitelist: 1, IPv4: 0, IPv6: 1, Min Delay: -1 ms, Max Speed: 0.00 M/s, Avg Speed: 0.00 M/s, Max Resolution: None
Category: 🎬影视频道, Name: 电影警匪, Total: 2, Valid: 0, Valid Percent: 0.00%, Whitelist: 1, IPv4: 0, IPv6: 1, Min Delay: -1 ms, Max Speed: 0.00 M/s, Avg Speed: 0.00 M/s, Max Resolution: None
Category: 🎬影视频道, Name: 电影罪犯, Total: 2, Valid: 0, Valid Percent: 0.00%, Whitelist: 1, IPv4: 0, IPv6: 1, Min Delay: -1 ms, Max Speed: 0.00 M/s, Avg Speed: 0.00 M/s, Max Resolution: None
Category: 🎬影视频道, Name: 电影枪战, Total: 2, Valid: 0, Valid Percent: 0.00%, Whitelist: 1, IPv4: 0, IPv6: 1, Min Delay: -1 ms, Max Speed: 0.00 M/s, Avg Speed: 0.00 M/s, Max Resolution: None
Category: 🎬影视频道, Name: 电影盗墓, Total: 2, Valid: 0, Valid Percent: 0.00%, Whitelist: 1, IPv4: 0, IPv6: 1, Min Delay: -1 ms, Max Speed: 0.00 M/s, Avg Speed: 0.00 M/s, Max Resolution: None
Category: 🎬影视频道, Name: 电影海盗, Total: 2, Valid: 0, Valid Percent: 0.00%, Whitelist: 1, IPv4: 0, IPv6: 1, Min Delay: -1 ms, Max Speed: 0.00 M/s, Avg Speed: 0.00 M/s, Max Resolution: None
Category: 🎬影视频道, Name: 电影推荐, Total: 2, Valid: 0, Valid Percent: 0.00%, Whitelist: 1, IPv4: 0, IPv6: 1, Min Delay: -1 ms, Max Speed: 0.00 M/s, Avg Speed: 0.00 M/s, Max Resolution: None
Category: 🎬影视频道, Name: 电影救援, Total: 2, Valid: 0, Valid Percent: 0.00%, Whitelist: 1, IPv4: 0, IPv6: 1, Min Delay: -1 ms, Max Speed: 0.00 M/s, Avg Speed: 0.00 M/s, Max Resolution: None
Category: 🎬影视频道, Name: 电影热血, Total: 2, Valid: 0, Valid Percent: 0.00%, Whitelist: 1, IPv4: 0, IPv6: 1, Min Delay: -1 ms, Max Speed: 0.00 M/s, Avg Speed: 0.00 M/s, Max Resolution: None
Category: 🎬影视频道, Name: 电影谍战, Total: 2, Valid: 0, Valid Percent: 0.00%, Whitelist: 1, IPv4: 0, IPv6: 1, Min Delay: -1 ms, Max Speed: 0.00 M/s, Avg Speed: 0.00 M/s, Max Resolution: None
Category: 🎬影视频道, Name: 电影战争, Total: 2, Valid: 0, Valid Percent: 0.00%, Whitelist: 1, IPv4: 0, IPv6: 1, Min Delay: -1 ms, Max Speed: 0.00 M/s, Avg Speed: 0.00 M/s, Max Resolution: None
Category: 🎬影视频道, Name: 电影强森, Total: 2, Valid: 0, Valid Percent: 0.00%, Whitelist: 1, IPv4: 0, IPv6: 1, Min Delay: -1 ms, Max Speed: 0.00 M/s, Avg Speed: 0.00 M/s, Max Resolution: None
Category: 🎬影视频道, Name: 电影斯坦森, Total: 2, Valid: 0, Valid Percent: 0.00%, Whitelist: 1, IPv4: 0, IPv6: 1, Min Delay: -1 ms, Max Speed: 0.00 M/s, Avg Speed: 0.00 M/s, Max Resolution: None
Category: 🎬影视频道, Name: 电影赛车, Total: 2, Valid: 0, Valid Percent: 0.00%, Whitelist: 1, IPv4: 0, IPv6: 1, Min Delay: -1 ms, Max Speed: 0.00 M/s, Avg Speed: 0.00 M/s, Max Resolution: None
Category: 🎬影视频道, Name: 电影贺岁, Total: 2, Valid: 0, Valid Percent: 0.00%, Whitelist: 1, IPv4: 0, IPv6: 1, Min Delay: -1 ms, Max Speed: 0.00 M/s, Avg Speed: 0.00 M/s, Max Resolution: None
Category: 🎬影视频道, Name: 电影小鬼头, Total: 2, Valid: 0, Valid Percent: 0.00%, Whitelist: 1, IPv4: 0, IPv6: 1, Min Delay: -1 ms, Max Speed: 0.00 M/s, Avg Speed: 0.00 M/s, Max Resolution: None
Category: 🎬影视频道, Name: 电影八点档, Total: 2, Valid: 0, Valid Percent: 0.00%, Whitelist: 1, IPv4: 0, IPv6: 1, Min Delay: -1 ms, Max Speed: 0.00 M/s, Avg Speed: 0.00 M/s, Max Resolution: None
Category: 🎬影视频道, Name: 电影蜘蛛侠, Total: 2, Valid: 0, Valid Percent: 0.00%, Whitelist: 1, IPv4: 0, IPv6: 1, Min Delay: -1 ms, Max Speed: 0.00 M/s, Avg Speed: 0.00 M/s, Max Resolution: None
Category: 🎬影视频道, Name: 电影猫和老鼠, Total: 2, Valid: 0, Valid Percent: 0.00%, Whitelist: 1, IPv4: 0, IPv6: 1, Min Delay: -1 ms, Max Speed: 0.00 M/s, Avg Speed: 0.00 M/s, Max Resolution: None
Category: 🎬影视频道, Name: 电影猫和老鼠动漫, Total: 2, Valid: 0, Valid Percent: 0.00%, Whitelist: 1, IPv4: 0, IPv6: 1, Min Delay: -1 ms, Max Speed: 0.00 M/s, Avg Speed: 0.00 M/s, Max Resolution: None
Category: 🎬影视频道, Name: NewTV黑莓动画, Total: 1, Valid: 1, Valid Percent: 100.00%, Whitelist: 0, IPv4: 1, IPv6: 0, Min Delay: 2897 ms, Max Speed: 1.09 M/s, Avg Speed: 1.09 M/s, Max Resolution: 1920x1080
Category: 🎬影视频道, Name: NewTV中国功夫, Total: 2, Valid: 0, Valid Percent: 0.00%, Whitelist: 0, IPv4: 2, IPv6: 0, Min Delay: 460 ms, Max Speed: 0.00 M/s, Avg Speed: 0.00 M/s, Max Resolution: None
Category: 🎬影视频道, Name: NewTV军事评论, Total: 2, Valid: 0, Valid Percent: 0.00%, Whitelist: 0, IPv4: 2, IPv6: 0, Min Delay: 449 ms, Max Speed: 0.00 M/s, Avg Speed: 0.00 M/s, Max Resolution: None
Category: 🎬影视频道, Name: NewTV军旅剧场, Total: 2, Valid: 0, Valid Percent: 0.00%, Whitelist: 0, IPv4: 2, IPv6: 0, Min Delay: 458 ms, Max Speed: 0.00 M/s, Avg Speed: 0.00 M/s, Max Resolution: None
Category: 🎬影视频道, Name: NewTV古装剧场, Total: 4, Valid: 2, Valid Percent: 50.00%, Whitelist: 0, IPv4: 4, IPv6: 0, Min Delay: 440 ms, Max Speed: 0.28 M/s, Avg Speed: 0.28 M/s, Max Resolution: 1920x1080
Category: 🎬影视频道, Name: NewTV惊悚悬疑, Total: 2, Valid: 0, Valid Percent: 0.00%, Whitelist: 0, IPv4: 2, IPv6: 0, Min Delay: 472 ms, Max Speed: 0.00 M/s, Avg Speed: 0.00 M/s, Max Resolution: None
Category: 🎬影视频道, Name: NewTV爱情喜剧, Total: 2, Valid: 0, Valid Percent: 0.00%, Whitelist: 0, IPv4: 2, IPv6: 0, Min Delay: 469 ms, Max Speed: 0.00 M/s, Avg Speed: 0.00 M/s, Max Resolution: None
Category: 🎬影视频道, Name: NewTV精品大剧, Total: 2, Valid: 0, Valid Percent: 0.00%, Whitelist: 0, IPv4: 2, IPv6: 0, Min Delay: 439 ms, Max Speed: 0.00 M/s, Avg Speed: 0.00 M/s, Max Resolution: None
Category: 🎬影视频道, Name: NewTV金牌综艺, Total: 2, Valid: 0, Valid Percent: 0.00%, Whitelist: 0, IPv4: 2, IPv6: 0, Min Delay: 450 ms, Max Speed: 0.00 M/s, Avg Speed: 0.00 M/s, Max Resolution: None
Category: 🎬影视频道, Name: iHOT爱动漫, Total: 3, Valid: 3, Valid Percent: 100.00%, Whitelist: 0, IPv4: 3, IPv6: 0, Min Delay: 538 ms, Max Speed: 0.24 M/s, Avg Speed: 0.10 M/s, Max Resolution: 1920x1080
Category: 🎬影视频道, Name: iHOT爱幼教, Total: 3, Valid: 2, Valid Percent: 66.67%, Whitelist: 0, IPv4: 3, IPv6: 0, Min Delay: 546 ms, Max Speed: 0.74 M/s, Avg Speed: 0.73 M/s, Max Resolution: 1920x1080
Category: 🎬影视频道, Name: iHOT爱体育, Total: 6, Valid: 5, Valid Percent: 83.33%, Whitelist: 0, IPv4: 6, IPv6: 0, Min Delay: 516 ms, Max Speed: 0.78 M/s, Avg Speed: 0.46 M/s, Max Resolution: 1920x1080
Category: 🎬影视频道, Name: iHOT爱历史, Total: 4, Valid: 2, Valid Percent: 50.00%, Whitelist: 0, IPv4: 3, IPv6: 1, Min Delay: 541 ms, Max Speed: 0.73 M/s, Avg Speed: 0.70 M/s, Max Resolution: 1920x1080
Category: 🎬影视频道, Name: iHOT爱喜剧, Total: 7, Valid: 5, Valid Percent: 71.43%, Whitelist: 0, IPv4: 6, IPv6: 1, Min Delay: 539 ms, Max Speed: 0.73 M/s, Avg Speed: 0.61 M/s, Max Resolution: 1920x1080
Category: 🎬影视频道, Name: iHOT爱奇谈, Total: 4, Valid: 3, Valid Percent: 75.00%, Whitelist: 0, IPv4: 3, IPv6: 1, Min Delay: 536 ms, Max Speed: 0.72 M/s, Avg Speed: 0.50 M/s, Max Resolution: 1920x1080
Category: 🎬影视频道, Name: iHOT爱浪漫, Total: 4, Valid: 2, Valid Percent: 50.00%, Whitelist: 0, IPv4: 3, IPv6: 1, Min Delay: 520 ms, Max Speed: 0.73 M/s, Avg Speed: 0.68 M/s, Max Resolution: None
Category: 🎬影视频道, Name: iHOT爱玩具, Total: 3, Valid: 3, Valid Percent: 100.00%, Whitelist: 0, IPv4: 3, IPv6: 0, Min Delay: 536 ms, Max Speed: 0.64 M/s, Avg Speed: 0.30 M/s, Max Resolution: None
Category: 🎬影视频道, Name: iHOT爱谍战, Total: 4, Valid: 3, Valid Percent: 75.00%, Whitelist: 0, IPv4: 3, IPv6: 1, Min Delay: 526 ms, Max Speed: 0.07 M/s, Avg Speed: 0.05 M/s, Max Resolution: 1920x1080
Category: 🎬影视频道, Name: iHOT爱赛车, Total: 3, Valid: 3, Valid Percent: 100.00%, Whitelist: 0, IPv4: 3, IPv6: 0, Min Delay: 512 ms, Max Speed: 0.05 M/s, Avg Speed: 0.03 M/s, Max Resolution: 1920x1080
Category: 🎬影视频道, Name: iHOT爱院线, Total: 4, Valid: 2, Valid Percent: 50.00%, Whitelist: 0, IPv4: 3, IPv6: 1, Min Delay: 519 ms, Max Speed: 0.00 M/s, Avg Speed: 0.00 M/s, Max Resolution: 1920x1080
Category: 🎬影视频道, Name: IPTV少儿动画, Total: 1, Valid: 1, Valid Percent: 100.00%, Whitelist: 0, IPv4: 1, IPv6: 0, Min Delay: 581 ms, Max Speed: 0.28 M/s, Avg Speed: 0.28 M/s, Max Resolution: 1920x1080
Category: 🎬影视频道, Name: IPTV热播剧场, Total: 1, Valid: 1, Valid Percent: 100.00%, Whitelist: 0, IPv4: 1, IPv6: 0, Min Delay: 575 ms, Max Speed: 0.28 M/s, Avg Speed: 0.28 M/s, Max Resolution: 1920x1080
Category: 🎬影视频道, Name: IPTV经典电影, Total: 1, Valid: 1, Valid Percent: 100.00%, Whitelist: 0, IPv4: 1, IPv6: 0, Min Delay: 614 ms, Max Speed: 0.28 M/s, Avg Speed: 0.28 M/s, Max Resolution: 1920x1080
Category: 🎬影视频道, Name: IPTV魅力时尚, Total: 1, Valid: 1, Valid Percent: 100.00%, Whitelist: 0, IPv4: 1, IPv6: 0, Min Delay: 639 ms, Max Speed: 0.28 M/s, Avg Speed: 0.28 M/s, Max Resolution: 1920x1080
Category: 🎬影视频道, Name: IPTV光影, Total: 1, Valid: 1, Valid Percent: 100.00%, Whitelist: 0, IPv4: 1, IPv6: 0, Min Delay: 496 ms, Max Speed: 0.28 M/s, Avg Speed: 0.28 M/s, Max Resolution: 1920x1080
Category: 🎬影视频道, Name: IPTV军事, Total: 1, Valid: 1, Valid Percent: 100.00%, Whitelist: 0, IPv4: 1, IPv6: 0, Min Delay: 493 ms, Max Speed: 0.28 M/s, Avg Speed: 0.28 M/s, Max Resolution: 1920x1080
Category: 🎬影视频道, Name: IPTV军旅剧场, Total: 2, Valid: 2, Valid Percent: 100.00%, Whitelist: 0, IPv4: 2, IPv6: 0, Min Delay: 500 ms, Max Speed: 0.28 M/s, Avg Speed: 0.27 M/s, Max Resolution: 1920x1080
Category: 🎬影视频道, Name: IPTV动作影院, Total: 1, Valid: 1, Valid Percent: 100.00%, Whitelist: 0, IPv4: 1, IPv6: 0, Min Delay: 507 ms, Max Speed: 0.28 M/s, Avg Speed: 0.28 M/s, Max Resolution: 1920x1080
Category: 🎬影视频道, Name: IPTV动画, Total: 1, Valid: 1, Valid Percent: 100.00%, Whitelist: 0, IPv4: 1, IPv6: 0, Min Delay: 487 ms, Max Speed: 0.28 M/s, Avg Speed: 0.28 M/s, Max Resolution: 1920x1080
Category: 🎬影视频道, Name: IPTV喜剧剧场, Total: 1, Valid: 1, Valid Percent: 100.00%, Whitelist: 0, IPv4: 1, IPv6: 0, Min Delay: 496 ms, Max Speed: 0.28 M/s, Avg Speed: 0.28 M/s, Max Resolution: 1920x1080
Category: 🎬影视频道, Name: IPTV国学, Total: 3, Valid: 3, Valid Percent: 100.00%, Whitelist: 0, IPv4: 3, IPv6: 0, Min Delay: 482 ms, Max Speed: 0.28 M/s, Avg Speed: 0.28 M/s, Max Resolution: 1920x1080
Category: 🎬影视频道, Name: IPTV地理, Total: 3, Valid: 3, Valid Percent: 100.00%, Whitelist: 0, IPv4: 3, IPv6: 0, Min Delay: 485 ms, Max Speed: 0.28 M/s, Avg Speed: 0.27 M/s, Max Resolution: 1920x1080
Category: 🎬影视频道, Name: IPTV墨宝, Total: 3, Valid: 3, Valid Percent: 100.00%, Whitelist: 0, IPv4: 3, IPv6: 0, Min Delay: 492 ms, Max Speed: 0.28 M/s, Avg Speed: 0.24 M/s, Max Resolution: 1920x1080
Category: 🎬影视频道, Name: IPTV好学生, Total: 3, Valid: 3, Valid Percent: 100.00%, Whitelist: 0, IPv4: 3, IPv6: 0, Min Delay: 489 ms, Max Speed: 0.28 M/s, Avg Speed: 0.27 M/s, Max Resolution: 1920x1080
Category: 🎬影视频道, Name: IPTV家庭影院, Total: 1, Valid: 1, Valid Percent: 100.00%, Whitelist: 0, IPv4: 1, IPv6: 0, Min Delay: 606 ms, Max Speed: 0.28 M/s, Avg Speed: 0.28 M/s, Max Resolution: 1920x1080
Category: 🎬影视频道, Name: IPTV影视, Total: 1, Valid: 1, Valid Percent: 100.00%, Whitelist: 0, IPv4: 1, IPv6: 0, Min Delay: 514 ms, Max Speed: 0.28 M/s, Avg Speed: 0.28 M/s, Max Resolution: 1920x1080
Category: 🎬影视频道, Name: IPTV戏曲, Total: 1, Valid: 1, Valid Percent: 100.00%, Whitelist: 0, IPv4: 1, IPv6: 0, Min Delay: 511 ms, Max Speed: 0.28 M/s, Avg Speed: 0.28 M/s, Max Resolution: 1920x1080
Category: 🎬影视频道, Name: IPTV早教, Total: 1, Valid: 1, Valid Percent: 100.00%, Whitelist: 0, IPv4: 1, IPv6: 0, Min Delay: 1526 ms, Max Speed: 0.25 M/s, Avg Speed: 0.25 M/s, Max Resolution: 1920x1080
Category: 🎬影视频道, Name: IPTV星影, Total: 1, Valid: 1, Valid Percent: 100.00%, Whitelist: 0, IPv4: 1, IPv6: 0, Min Delay: 484 ms, Max Speed: 0.28 M/s, Avg Speed: 0.28 M/s, Max Resolution: 1920x1080
Category: 🎬影视频道, Name: IPTV武侠剧场, Total: 1, Valid: 1, Valid Percent: 100.00%, Whitelist: 0, IPv4: 1, IPv6: 0, Min Delay: 508 ms, Max Speed: 0.28 M/s, Avg Speed: 0.28 M/s, Max Resolution: 1920x1080
Category: 🎬影视频道, Name: IPTV武术, Total: 3, Valid: 3, Valid Percent: 100.00%, Whitelist: 0, IPv4: 3, IPv6: 0, Min Delay: 488 ms, Max Speed: 0.28 M/s, Avg Speed: 0.15 M/s, Max Resolution: 1920x1080
Category: 🎬影视频道, Name: IPTV精选, Total: 1, Valid: 1, Valid Percent: 100.00%, Whitelist: 0, IPv4: 1, IPv6: 0, Min Delay: 507 ms, Max Speed: 0.28 M/s, Avg Speed: 0.28 M/s, Max Resolution: 1920x1080
Category: 🎬影视频道, Name: IPTV美人, Total: 3, Valid: 3, Valid Percent: 100.00%, Whitelist: 0, IPv4: 3, IPv6: 0, Min Delay: 486 ms, Max Speed: 0.28 M/s, Avg Speed: 0.15 M/s, Max Resolution: 1920x1080
Category: 🎬影视频道, Name: IPTV美妆, Total: 3, Valid: 3, Valid Percent: 100.00%, Whitelist: 0, IPv4: 3, IPv6: 0, Min Delay: 492 ms, Max Speed: 0.28 M/s, Avg Speed: 0.17 M/s, Max Resolution: 1920x1080
Category: 🎬影视频道, Name: IPTV解密, Total: 1, Valid: 1, Valid Percent: 100.00%, Whitelist: 0, IPv4: 1, IPv6: 0, Min Delay: 480 ms, Max Speed: 0.28 M/s, Avg Speed: 0.28 M/s, Max Resolution: 1920x1080
Category: 🎬影视频道, Name: IPTV都市剧场, Total: 1, Valid: 1, Valid Percent: 100.00%, Whitelist: 0, IPv4: 1, IPv6: 0, Min Delay: 498 ms, Max Speed: 0.28 M/s, Avg Speed: 0.28 M/s, Max Resolution: 1920x1080
Category: 🎬影视频道, Name: IPTV鉴赏, Total: 3, Valid: 3, Valid Percent: 100.00%, Whitelist: 0, IPv4: 3, IPv6: 0, Min Delay: 482 ms, Max Speed: 0.28 M/s, Avg Speed: 0.14 M/s, Max Resolution: 1920x1080
Category: 🎬影视频道, Name: IPTV音乐现场, Total: 1, Valid: 1, Valid Percent: 100.00%, Whitelist: 0, IPv4: 1, IPv6: 0, Min Delay: 508 ms, Max Speed: 0.28 M/s, Avg Speed: 0.28 M/s, Max Resolution: 1920x1080
Category: 🎬影视频道, Name: IPTV爱生活, Total: 2, Valid: 2, Valid Percent: 100.00%, Whitelist: 0, IPv4: 2, IPv6: 0, Min Delay: 491 ms, Max Speed: 0.11 M/s, Avg Speed: 0.11 M/s, Max Resolution: 0x0
Category: 🎬影视频道, Name: IPTV足球, Total: 2, Valid: 0, Valid Percent: 0.00%, Whitelist: 2, IPv4: 0, IPv6: 0, Min Delay: -1 ms, Max Speed: 0.00 M/s, Avg Speed: 0.00 M/s, Max Resolution: None
Category: 🎬影视频道, Name: IPTV收视指南, Total: 2, Valid: 2, Valid Percent: 100.00%, Whitelist: 0, IPv4: 2, IPv6: 0, Min Delay: 483 ms, Max Speed: 0.15 M/s, Avg Speed: 0.12 M/s, Max Resolution: 1920x1080
Category: 🎬影视频道, Name: 华数轮播01, Total: 1, Valid: 1, Valid Percent: 100.00%, Whitelist: 0, IPv4: 1, IPv6: 0, Min Delay: 10740 ms, Max Speed: 0.08 M/s, Avg Speed: 0.08 M/s, Max Resolution: 1920x1080
Category: 🎬影视频道, Name: 华数轮播02, Total: 1, Valid: 1, Valid Percent: 100.00%, Whitelist: 0, IPv4: 1, IPv6: 0, Min Delay: 10359 ms, Max Speed: 0.05 M/s, Avg Speed: 0.05 M/s, Max Resolution: 1920x1080
Category: 🎬影视频道, Name: 华数轮播03, Total: 1, Valid: 1, Valid Percent: 100.00%, Whitelist: 0, IPv4: 1, IPv6: 0, Min Delay: 10997 ms, Max Speed: 0.09 M/s, Avg Speed: 0.09 M/s, Max Resolution: 1920x1080
Category: 🎬影视频道, Name: 华数轮播04, Total: 1, Valid: 1, Valid Percent: 100.00%, Whitelist: 0, IPv4: 1, IPv6: 0, Min Delay: 10521 ms, Max Speed: 0.16 M/s, Avg Speed: 0.16 M/s, Max Resolution: 1920x1080
Category: 🎬影视频道, Name: 淘电影, Total: 1, Valid: 1, Valid Percent: 100.00%, Whitelist: 0, IPv4: 1, IPv6: 0, Min Delay: 508 ms, Max Speed: 0.83 M/s, Avg Speed: 0.83 M/s, Max Resolution: 1920x1080
Category: 🎬影视频道, Name: 淘剧场, Total: 1, Valid: 1, Valid Percent: 100.00%, Whitelist: 0, IPv4: 1, IPv6: 0, Min Delay: 1200 ms, Max Speed: 0.76 M/s, Avg Speed: 0.76 M/s, Max Resolution: 1920x1080
Category: 🎬影视频道, Name: 淘娱乐, Total: 1, Valid: 1, Valid Percent: 100.00%, Whitelist: 0, IPv4: 1, IPv6: 0, Min Delay: 529 ms, Max Speed: 0.83 M/s, Avg Speed: 0.83 M/s, Max Resolution: 1920x1080
Category: 🎬影视频道, Name: 淘Baby, Total: 1, Valid: 1, Valid Percent: 100.00%, Whitelist: 0, IPv4: 1, IPv6: 0, Min Delay: 495 ms, Max Speed: 0.84 M/s, Avg Speed: 0.84 M/s, Max Resolution: 1920x1080
Category: 🎬影视频道, Name: 萌宠TV, Total: 1, Valid: 1, Valid Percent: 100.00%, Whitelist: 0, IPv4: 1, IPv6: 0, Min Delay: 512 ms, Max Speed: 0.83 M/s, Avg Speed: 0.83 M/s, Max Resolution: 1920x1080
Category: 🎬影视频道, Name: 经典香港电影, Total: 1, Valid: 0, Valid Percent: 0.00%, Whitelist: 1, IPv4: 0, IPv6: 0, Min Delay: -1 ms, Max Speed: 0.00 M/s, Avg Speed: 0.00 M/s, Max Resolution: None
Category: 🎬影视频道, Name: 抗战经典影片, Total: 1, Valid: 0, Valid Percent: 0.00%, Whitelist: 1, IPv4: 0, IPv6: 0, Min Delay: -1 ms, Max Speed: 0.00 M/s, Avg Speed: 0.00 M/s, Max Resolution: None
Category: 🎬影视频道, Name: 新片放映厅, Total: 1, Valid: 0, Valid Percent: 0.00%, Whitelist: 1, IPv4: 0, IPv6: 0, Min Delay: -1 ms, Max Speed: 0.00 M/s, Avg Speed: 0.00 M/s, Max Resolution: None
Category: 🎬影视频道, Name: 和美乡途轮播台, Total: 1, Valid: 0, Valid Percent: 0.00%, Whitelist: 1, IPv4: 0, IPv6: 0, Min Delay: -1 ms, Max Speed: 0.00 M/s, Avg Speed: 0.00 M/s, Max Resolution: None
Category: 🎬影视频道, Name: 南方影视, Total: 1, Valid: 0, Valid Percent: 0.00%, Whitelist: 1, IPv4: 0, IPv6: 0, Min Delay: -1 ms, Max Speed: 0.00 M/s, Avg Speed: 0.00 M/s, Max Resolution: None
Category: 🎬影视频道, Name: 中国电影频道, Total: 1, Valid: 1, Valid Percent: 100.00%, Whitelist: 0, IPv4: 1, IPv6: 0, Min Delay: 316 ms, Max Speed: 14.86 M/s, Avg Speed: 14.86 M/s, Max Resolution: 1920x1080
Category: 🎬影视频道, Name: 光影, Total: 2, Valid: 2, Valid Percent: 100.00%, Whitelist: 0, IPv4: 2, IPv6: 0, Min Delay: 490 ms, Max Speed: 0.28 M/s, Avg Speed: 0.28 M/s, Max Resolution: 1920x1080
Category: 🎬影视频道, Name: 台球, Total: 1, Valid: 1, Valid Percent: 100.00%, Whitelist: 0, IPv4: 1, IPv6: 0, Min Delay: 3882 ms, Max Speed: 1.18 M/s, Avg Speed: 1.18 M/s, Max Resolution: 1920x1080
Category: 🎬影视频道, Name: 热播剧场, Total: 3, Valid: 1, Valid Percent: 33.33%, Whitelist: 0, IPv4: 3, IPv6: 0, Min Delay: 451 ms, Max Speed: 0.25 M/s, Avg Speed: 0.25 M/s, Max Resolution: 1920x1080
Category: 🎬影视频道, Name: 经典电影, Total: 2, Valid: 1, Valid Percent: 50.00%, Whitelist: 0, IPv4: 1, IPv6: 1, Min Delay: 534 ms, Max Speed: 0.07 M/s, Avg Speed: 0.07 M/s, Max Resolution: 1920x1080
Category: 🎬影视频道, Name: 华数星影, Total: 2, Valid: 2, Valid Percent: 100.00%, Whitelist: 0, IPv4: 2, IPv6: 0, Min Delay: 500 ms, Max Speed: 0.28 M/s, Avg Speed: 0.19 M/s, Max Resolution: 1920x1080
Category: 🎬影视频道, Name: 华数动作影院, Total: 2, Valid: 2, Valid Percent: 100.00%, Whitelist: 0, IPv4: 2, IPv6: 0, Min Delay: 483 ms, Max Speed: 0.28 M/s, Avg Speed: 0.25 M/s, Max Resolution: 1920x1080
Category: 🎬影视频道, Name: 华数喜剧影院, Total: 2, Valid: 2, Valid Percent: 100.00%, Whitelist: 0, IPv4: 2, IPv6: 0, Min Delay: 473 ms, Max Speed: 0.13 M/s, Avg Speed: 0.11 M/s, Max Resolution: 1920x1080
Category: 🎬影视频道, Name: 华数家庭影院, Total: 2, Valid: 2, Valid Percent: 100.00%, Whitelist: 0, IPv4: 2, IPv6: 0, Min Delay: 475 ms, Max Speed: 0.28 M/s, Avg Speed: 0.27 M/s, Max Resolution: 1920x1080
Category: 🎬影视频道, Name: 华数精选, Total: 2, Valid: 0, Valid Percent: 0.00%, Whitelist: 2, IPv4: 0, IPv6: 0, Min Delay: -1 ms, Max Speed: 0.00 M/s, Avg Speed: 0.00 M/s, Max Resolution: None
Category: 🎬影视频道, Name: 华数经典电影, Total: 2, Valid: 2, Valid Percent: 100.00%, Whitelist: 0, IPv4: 2, IPv6: 0, Min Delay: 476 ms, Max Speed: 0.28 M/s, Avg Speed: 0.24 M/s, Max Resolution: 1920x1080
Category: 🎬影视频道, Name: 华数热播剧场, Total: 2, Valid: 2, Valid Percent: 100.00%, Whitelist: 0, IPv4: 2, IPv6: 0, Min Delay: 481 ms, Max Speed: 0.25 M/s, Avg Speed: 0.21 M/s, Max Resolution: None
Category: 🎬影视频道, Name: 华数军旅剧场, Total: 2, Valid: 2, Valid Percent: 100.00%, Whitelist: 0, IPv4: 2, IPv6: 0, Min Delay: 494 ms, Max Speed: 0.13 M/s, Avg Speed: 0.09 M/s, Max Resolution: 1920x1080
Category: 🎬影视频道, Name: 华数城市剧场, Total: 2, Valid: 2, Valid Percent: 100.00%, Whitelist: 0, IPv4: 2, IPv6: 0, Min Delay: 495 ms, Max Speed: 0.13 M/s, Avg Speed: 0.09 M/s, Max Resolution: 0x0
Category: 🎬影视频道, Name: 华数武侠剧场, Total: 2, Valid: 2, Valid Percent: 100.00%, Whitelist: 0, IPv4: 2, IPv6: 0, Min Delay: 477 ms, Max Speed: 0.08 M/s, Avg Speed: 0.06 M/s, Max Resolution: 1920x1080
Category: 🎬影视频道, Name: 华数魅力时尚, Total: 2, Valid: 2, Valid Percent: 100.00%, Whitelist: 0, IPv4: 2, IPv6: 0, Min Delay: 478 ms, Max Speed: 0.09 M/s, Avg Speed: 0.07 M/s, Max Resolution: 1920x1080
Category: 🎬影视频道, Name: 华数少儿动画, Total: 2, Valid: 2, Valid Percent: 100.00%, Whitelist: 0, IPv4: 2, IPv6: 0, Min Delay: 476 ms, Max Speed: 0.11 M/s, Avg Speed: 0.10 M/s, Max Resolution: 1920x1080
Category: 🎬影视频道, Name: 华数动画, Total: 2, Valid: 2, Valid Percent: 100.00%, Whitelist: 0, IPv4: 2, IPv6: 0, Min Delay: 482 ms, Max Speed: 0.11 M/s, Avg Speed: 0.10 M/s, Max Resolution: 1920x1080
Category: 🎬影视频道, Name: 全球大片, Total: 2, Valid: 0, Valid Percent: 0.00%, Whitelist: 0, IPv4: 1, IPv6: 1, Min Delay: 537 ms, Max Speed: 0.00 M/s, Avg Speed: 0.00 M/s, Max Resolution: None
Category: 🎬影视频道, Name: 谍战剧场, Total: 2, Valid: 0, Valid Percent: 0.00%, Whitelist: 2, IPv4: 0, IPv6: 0, Min Delay: -1 ms, Max Speed: 0.00 M/s, Avg Speed: 0.00 M/s, Max Resolution: None
Category: 🎬影视频道, Name: 华语影院, Total: 2, Valid: 1, Valid Percent: 50.00%, Whitelist: 0, IPv4: 1, IPv6: 1, Min Delay: 529 ms, Max Speed: 0.18 M/s, Avg Speed: 0.18 M/s, Max Resolution: None
Category: 🎬影视频道, Name: 健康养生, Total: 1, Valid: 0, Valid Percent: 0.00%, Whitelist: 0, IPv4: 1, IPv6: 0, Min Delay: 523 ms, Max Speed: 0.00 M/s, Avg Speed: 0.00 M/s, Max Resolution: None
Category: 🎬影视频道, Name: 百变课堂, Total: 1, Valid: 0, Valid Percent: 0.00%, Whitelist: 0, IPv4: 1, IPv6: 0, Min Delay: 1522 ms, Max Speed: 0.00 M/s, Avg Speed: 0.00 M/s, Max Resolution: None
Category: 🎬影视频道, Name: 动漫秀场, Total: 3, Valid: 0, Valid Percent: 0.00%, Whitelist: 3, IPv4: 0, IPv6: 0, Min Delay: -1 ms, Max Speed: 0.00 M/s, Avg Speed: 0.00 M/s, Max Resolution: None
Category: 🎬影视频道, Name: 都市剧场, Total: 3, Valid: 0, Valid Percent: 0.00%, Whitelist: 3, IPv4: 0, IPv6: 0, Min Delay: -1 ms, Max Speed: 0.00 M/s, Avg Speed: 0.00 M/s, Max Resolution: None
Category: 🎬影视频道, Name: 欢笑剧场, Total: 1, Valid: 0, Valid Percent: 0.00%, Whitelist: 1, IPv4: 0, IPv6: 0, Min Delay: -1 ms, Max Speed: 0.00 M/s, Avg Speed: 0.00 M/s, Max Resolution: None
Category: 🎬影视频道, Name: 看天下精选, Total: 1, Valid: 0, Valid Percent: 0.00%, Whitelist: 0, IPv4: 1, IPv6: 0, Min Delay: 517 ms, Max Speed: 0.00 M/s, Avg Speed: 0.00 M/s, Max Resolution: None
Category: 🎬影视频道, Name: 精彩推荐, Total: 1, Valid: 0, Valid Percent: 0.00%, Whitelist: 0, IPv4: 1, IPv6: 0, Min Delay: 541 ms, Max Speed: 0.00 M/s, Avg Speed: 0.00 M/s, Max Resolution: None
Category: 🎬影视频道, Name: 红色影院, Total: 1, Valid: 0, Valid Percent: 0.00%, Whitelist: 0, IPv4: 1, IPv6: 0, Min Delay: 520 ms, Max Speed: 0.00 M/s, Avg Speed: 0.00 M/s, Max Resolution: None
Category: 🎬影视频道, Name: 经典剧场, Total: 3, Valid: 1, Valid Percent: 33.33%, Whitelist: 0, IPv4: 3, IPv6: 0, Min Delay: 463 ms, Max Speed: 0.15 M/s, Avg Speed: 0.15 M/s, Max Resolution: 1920x1080
Category: 🎬影视频道, Name: 综艺咖秀, Total: 2, Valid: 1, Valid Percent: 50.00%, Whitelist: 0, IPv4: 2, IPv6: 0, Min Delay: 534 ms, Max Speed: 0.07 M/s, Avg Speed: 0.07 M/s, Max Resolution: 1920x1080
Category: 🎬影视频道, Name: 星光院线, Total: 2, Valid: 0, Valid Percent: 0.00%, Whitelist: 0, IPv4: 1, IPv6: 1, Min Delay: 520 ms, Max Speed: 0.00 M/s, Avg Speed: 0.00 M/s, Max Resolution: None
Category: 🎬影视频道, Name: 热门剧场, Total: 1, Valid: 0, Valid Percent: 0.00%, Whitelist: 0, IPv4: 1, IPv6: 0, Min Delay: 529 ms, Max Speed: 0.00 M/s, Avg Speed: 0.00 M/s, Max Resolution: None
Category: 🎬影视频道, Name: 爱乐山, Total: 1, Valid: 1, Valid Percent: 100.00%, Whitelist: 0, IPv4: 1, IPv6: 0, Min Delay: 528 ms, Max Speed: 0.28 M/s, Avg Speed: 0.28 M/s, Max Resolution: 1920x1080
Category: 🎬影视频道, Name: 爱宠宠物, Total: 1, Valid: 0, Valid Percent: 0.00%, Whitelist: 0, IPv4: 1, IPv6: 0, Min Delay: 518 ms, Max Speed: 0.00 M/s, Avg Speed: 0.00 M/s, Max Resolution: None
Category: 🎬影视频道, Name: 爱生活, Total: 1, Valid: 0, Valid Percent: 0.00%, Whitelist: 0, IPv4: 1, IPv6: 0, Min Delay: 530 ms, Max Speed: 0.00 M/s, Avg Speed: 0.00 M/s, Max Resolution: None
Category: 🏀体育频道, Name: 咪视界4K-1, Total: 2, Valid: 0, Valid Percent: 0.00%, Whitelist: 2, IPv4: 0, IPv6: 0, Min Delay: -1 ms, Max Speed: 0.00 M/s, Avg Speed: 0.00 M/s, Max Resolution: None
Category: 🏀体育频道, Name: 咪视界-1, Total: 2, Valid: 0, Valid Percent: 0.00%, Whitelist: 2, IPv4: 0, IPv6: 0, Min Delay: -1 ms, Max Speed: 0.00 M/s, Avg Speed: 0.00 M/s, Max Resolution: None
Category: 🏀体育频道, Name: 咪视界-2, Total: 2, Valid: 0, Valid Percent: 0.00%, Whitelist: 2, IPv4: 0, IPv6: 0, Min Delay: -1 ms, Max Speed: 0.00 M/s, Avg Speed: 0.00 M/s, Max Resolution: None
Category: 🏀体育频道, Name: 咪视界-3, Total: 2, Valid: 0, Valid Percent: 0.00%, Whitelist: 2, IPv4: 0, IPv6: 0, Min Delay: -1 ms, Max Speed: 0.00 M/s, Avg Speed: 0.00 M/s, Max Resolution: None
Category: 🏀体育频道, Name: 咪视界-4, Total: 2, Valid: 0, Valid Percent: 0.00%, Whitelist: 2, IPv4: 0, IPv6: 0, Min Delay: -1 ms, Max Speed: 0.00 M/s, Avg Speed: 0.00 M/s, Max Resolution: None
Category: 🏀体育频道, Name: 咪视界-5, Total: 2, Valid: 0, Valid Percent: 0.00%, Whitelist: 2, IPv4: 0, IPv6: 0, Min Delay: -1 ms, Max Speed: 0.00 M/s, Avg Speed: 0.00 M/s, Max Resolution: None
Category: 🏀体育频道, Name: 咪视界-6, Total: 2, Valid: 0, Valid Percent: 0.00%, Whitelist: 2, IPv4: 0, IPv6: 0, Min Delay: -1 ms, Max Speed: 0.00 M/s, Avg Speed: 0.00 M/s, Max Resolution: None
Category: 🏀体育频道, Name: 咪视界-7, Total: 2, Valid: 0, Valid Percent: 0.00%, Whitelist: 2, IPv4: 0, IPv6: 0, Min Delay: -1 ms, Max Speed: 0.00 M/s, Avg Speed: 0.00 M/s, Max Resolution: None
Category: 🏀体育频道, Name: 咪视界-8, Total: 2, Valid: 0, Valid Percent: 0.00%, Whitelist: 2, IPv4: 0, IPv6: 0, Min Delay: -1 ms, Max Speed: 0.00 M/s, Avg Speed: 0.00 M/s, Max Resolution: None
Category: 🏀体育频道, Name: 咪视界-9, Total: 2, Valid: 0, Valid Percent: 0.00%, Whitelist: 2, IPv4: 0, IPv6: 0, Min Delay: -1 ms, Max Speed: 0.00 M/s, Avg Speed: 0.00 M/s, Max Resolution: None
Category: 🏀体育频道, Name: 咪视界-10, Total: 2, Valid: 0, Valid Percent: 0.00%, Whitelist: 2, IPv4: 0, IPv6: 0, Min Delay: -1 ms, Max Speed: 0.00 M/s, Avg Speed: 0.00 M/s, Max Resolution: None
Category: 🏀体育频道, Name: 咪视界-11, Total: 2, Valid: 0, Valid Percent: 0.00%, Whitelist: 2, IPv4: 0, IPv6: 0, Min Delay: -1 ms, Max Speed: 0.00 M/s, Avg Speed: 0.00 M/s, Max Resolution: None
Category: 🏀体育频道, Name: 咪视界-12, Total: 2, Valid: 0, Valid Percent: 0.00%, Whitelist: 2, IPv4: 0, IPv6: 0, Min Delay: -1 ms, Max Speed: 0.00 M/s, Avg Speed: 0.00 M/s, Max Resolution: None
Category: 🏀体育频道, Name: 咪视界-13, Total: 2, Valid: 0, Valid Percent: 0.00%, Whitelist: 2, IPv4: 0, IPv6: 0, Min Delay: -1 ms, Max Speed: 0.00 M/s, Avg Speed: 0.00 M/s, Max Resolution: None
Category: 🏀体育频道, Name: 咪视界-14, Total: 2, Valid: 0, Valid Percent: 0.00%, Whitelist: 2, IPv4: 0, IPv6: 0, Min Delay: -1 ms, Max Speed: 0.00 M/s, Avg Speed: 0.00 M/s, Max Resolution: None
Category: 🏀体育频道, Name: 咪视界-15, Total: 2, Valid: 0, Valid Percent: 0.00%, Whitelist: 2, IPv4: 0, IPv6: 0, Min Delay: -1 ms, Max Speed: 0.00 M/s, Avg Speed: 0.00 M/s, Max Resolution: None
Category: 🏀体育频道, Name: 咪视界-16, Total: 2, Valid: 0, Valid Percent: 0.00%, Whitelist: 2, IPv4: 0, IPv6: 0, Min Delay: -1 ms, Max Speed: 0.00 M/s, Avg Speed: 0.00 M/s, Max Resolution: None
Category: 🏀体育频道, Name: 咪视界-17, Total: 2, Valid: 0, Valid Percent: 0.00%, Whitelist: 2, IPv4: 0, IPv6: 0, Min Delay: -1 ms, Max Speed: 0.00 M/s, Avg Speed: 0.00 M/s, Max Resolution: None
Category: 🏀体育频道, Name: 咪视界-18, Total: 2, Valid: 0, Valid Percent: 0.00%, Whitelist: 2, IPv4: 0, IPv6: 0, Min Delay: -1 ms, Max Speed: 0.00 M/s, Avg Speed: 0.00 M/s, Max Resolution: None
Category: 🏀体育频道, Name: 咪视界-19, Total: 2, Valid: 0, Valid Percent: 0.00%, Whitelist: 2, IPv4: 0, IPv6: 0, Min Delay: -1 ms, Max Speed: 0.00 M/s, Avg Speed: 0.00 M/s, Max Resolution: None
Category: 🏀体育频道, Name: 咪视界-20, Total: 1, Valid: 0, Valid Percent: 0.00%, Whitelist: 1, IPv4: 0, IPv6: 0, Min Delay: -1 ms, Max Speed: 0.00 M/s, Avg Speed: 0.00 M/s, Max Resolution: None
Category: 🏀体育频道, Name: 咪视界-21, Total: 2, Valid: 0, Valid Percent: 0.00%, Whitelist: 2, IPv4: 0, IPv6: 0, Min Delay: -1 ms, Max Speed: 0.00 M/s, Avg Speed: 0.00 M/s, Max Resolution: None
Category: 🏀体育频道, Name: 咪视界-22, Total: 2, Valid: 0, Valid Percent: 0.00%, Whitelist: 2, IPv4: 0, IPv6: 0, Min Delay: -1 ms, Max Speed: 0.00 M/s, Avg Speed: 0.00 M/s, Max Resolution: None
Category: 🏀体育频道, Name: 咪视界-23, Total: 2, Valid: 0, Valid Percent: 0.00%, Whitelist: 2, IPv4: 0, IPv6: 0, Min Delay: -1 ms, Max Speed: 0.00 M/s, Avg Speed: 0.00 M/s, Max Resolution: None
Category: 🏀体育频道, Name: 咪视界-24, Total: 2, Valid: 0, Valid Percent: 0.00%, Whitelist: 2, IPv4: 0, IPv6: 0, Min Delay: -1 ms, Max Speed: 0.00 M/s, Avg Speed: 0.00 M/s, Max Resolution: None
Category: 🏀体育频道, Name: 咪视界-25, Total: 2, Valid: 0, Valid Percent: 0.00%, Whitelist: 2, IPv4: 0, IPv6: 0, Min Delay: -1 ms, Max Speed: 0.00 M/s, Avg Speed: 0.00 M/s, Max Resolution: None
Category: 🏀体育频道, Name: 咪视界-26, Total: 2, Valid: 0, Valid Percent: 0.00%, Whitelist: 2, IPv4: 0, IPv6: 0, Min Delay: -1 ms, Max Speed: 0.00 M/s, Avg Speed: 0.00 M/s, Max Resolution: None
Category: 🏀体育频道, Name: 咪视界-27, Total: 2, Valid: 0, Valid Percent: 0.00%, Whitelist: 2, IPv4: 0, IPv6: 0, Min Delay: -1 ms, Max Speed: 0.00 M/s, Avg Speed: 0.00 M/s, Max Resolution: None
Category: 🏀体育频道, Name: 咪视界-28, Total: 2, Valid: 0, Valid Percent: 0.00%, Whitelist: 2, IPv4: 0, IPv6: 0, Min Delay: -1 ms, Max Speed: 0.00 M/s, Avg Speed: 0.00 M/s, Max Resolution: None
Category: 🏀体育频道, Name: 咪视界-29, Total: 2, Valid: 0, Valid Percent: 0.00%, Whitelist: 2, IPv4: 0, IPv6: 0, Min Delay: -1 ms, Max Speed: 0.00 M/s, Avg Speed: 0.00 M/s, Max Resolution: None
Category: 🏀体育频道, Name: 咪视界-30, Total: 2, Valid: 0, Valid Percent: 0.00%, Whitelist: 2, IPv4: 0, IPv6: 0, Min Delay: -1 ms, Max Speed: 0.00 M/s, Avg Speed: 0.00 M/s, Max Resolution: None
Category: 🏀体育频道, Name: 咪视界-31, Total: 2, Valid: 0, Valid Percent: 0.00%, Whitelist: 2, IPv4: 0, IPv6: 0, Min Delay: -1 ms, Max Speed: 0.00 M/s, Avg Speed: 0.00 M/s, Max Resolution: None
Category: 🏀体育频道, Name: 咪视界-32, Total: 2, Valid: 0, Valid Percent: 0.00%, Whitelist: 2, IPv4: 0, IPv6: 0, Min Delay: -1 ms, Max Speed: 0.00 M/s, Avg Speed: 0.00 M/s, Max Resolution: None
Category: 🏀体育频道, Name: 五星体育, Total: 5, Valid: 3, Valid Percent: 60.00%, Whitelist: 1, IPv4: 3, IPv6: 1, Min Delay: 52 ms, Max Speed: 106.11 M/s, Avg Speed: 68.82 M/s, Max Resolution: 1920x1080
Category: 🏀体育频道, Name: 北京体育, Total: 1, Valid: 0, Valid Percent: 0.00%, Whitelist: 1, IPv4: 0, IPv6: 0, Min Delay: -1 ms, Max Speed: 0.00 M/s, Avg Speed: 0.00 M/s, Max Resolution: None
Category: 🏀体育频道, Name: 睛彩竞技, Total: 8, Valid: 4, Valid Percent: 50.00%, Whitelist: 4, IPv4: 4, IPv6: 0, Min Delay: 476 ms, Max Speed: 1.28 M/s, Avg Speed: 0.63 M/s, Max Resolution: 1920x1080
Category: 🏀体育频道, Name: 睛彩篮球, Total: 9, Valid: 5, Valid Percent: 55.56%, Whitelist: 4, IPv4: 5, IPv6: 0, Min Delay: 491 ms, Max Speed: 0.87 M/s, Avg Speed: 0.26 M/s, Max Resolution: 1920x1080
Category: 🏀体育频道, Name: 睛彩青少, Total: 7, Valid: 2, Valid Percent: 28.57%, Whitelist: 4, IPv4: 3, IPv6: 0, Min Delay: 478 ms, Max Speed: 0.88 M/s, Avg Speed: 0.53 M/s, Max Resolution: 1920x1080
Category: 🏀体育频道, Name: 睛彩广场舞, Total: 8, Valid: 3, Valid Percent: 37.50%, Whitelist: 5, IPv4: 3, IPv6: 0, Min Delay: 483 ms, Max Speed: 0.88 M/s, Avg Speed: 0.72 M/s, Max Resolution: 1920x1080
Category: 🏀体育频道, Name: 军事国防央七, Total: 2, Valid: 0, Valid Percent: 0.00%, Whitelist: 2, IPv4: 0, IPv6: 0, Min Delay: -1 ms, Max Speed: 0.00 M/s, Avg Speed: 0.00 M/s, Max Resolution: None
Category: 🏀体育频道, Name: 赛事最经典, Total: 1, Valid: 0, Valid Percent: 0.00%, Whitelist: 1, IPv4: 0, IPv6: 0, Min Delay: -1 ms, Max Speed: 0.00 M/s, Avg Speed: 0.00 M/s, Max Resolution: None
Category: 🏀体育频道, Name: 体坛名栏汇, Total: 1, Valid: 0, Valid Percent: 0.00%, Whitelist: 1, IPv4: 0, IPv6: 0, Min Delay: -1 ms, Max Speed: 0.00 M/s, Avg Speed: 0.00 M/s, Max Resolution: None
Category: 🏀体育频道, Name: 咪咕24小时体育台, Total: 1, Valid: 0, Valid Percent: 0.00%, Whitelist: 1, IPv4: 0, IPv6: 0, Min Delay: -1 ms, Max Speed: 0.00 M/s, Avg Speed: 0.00 M/s, Max Resolution: None
Category: 🏀体育频道, Name: 广东体育, Total: 8, Valid: 6, Valid Percent: 75.00%, Whitelist: 1, IPv4: 6, IPv6: 1, Min Delay: 213 ms, Max Speed: 12.96 M/s, Avg Speed: 3.46 M/s, Max Resolution: 1280x720
Category: 🏀体育频道, Name: 辽宁体育休闲, Total: 2, Valid: 0, Valid Percent: 0.00%, Whitelist: 2, IPv4: 0, IPv6: 0, Min Delay: -1 ms, Max Speed: 0.00 M/s, Avg Speed: 0.00 M/s, Max Resolution: None
Category: 🏀体育频道, Name: 陕西体育休闲, Total: 1, Valid: 0, Valid Percent: 0.00%, Whitelist: 1, IPv4: 0, IPv6: 0, Min Delay: -1 ms, Max Speed: 0.00 M/s, Avg Speed: 0.00 M/s, Max Resolution: None
Category: 🏀体育频道, Name: 天津体育, Total: 1, Valid: 0, Valid Percent: 0.00%, Whitelist: 1, IPv4: 0, IPv6: 0, Min Delay: -1 ms, Max Speed: 0.00 M/s, Avg Speed: 0.00 M/s, Max Resolution: None
Category: 🏀体育频道, Name: 江苏体育休闲, Total: 3, Valid: 2, Valid Percent: 66.67%, Whitelist: 1, IPv4: 2, IPv6: 0, Min Delay: 518 ms, Max Speed: 0.88 M/s, Avg Speed: 0.82 M/s, Max Resolution: 1920x1080
Category: 🏀体育频道, Name: 魅力足球, Total: 1, Valid: 0, Valid Percent: 0.00%, Whitelist: 0, IPv4: 1, IPv6: 0, Min Delay: 488 ms, Max Speed: 0.00 M/s, Avg Speed: 0.00 M/s, Max Resolution: None
Category: 🏀体育频道, Name: 天元围棋, Total: 3, Valid: 3, Valid Percent: 100.00%, Whitelist: 0, IPv4: 3, IPv6: 0, Min Delay: 230 ms, Max Speed: 16.84 M/s, Avg Speed: 10.73 M/s, Max Resolution: 1920x1080
Category: 🏀体育频道, Name: 快乐垂钓, Total: 3, Valid: 0, Valid Percent: 0.00%, Whitelist: 3, IPv4: 0, IPv6: 0, Min Delay: -1 ms, Max Speed: 0.00 M/s, Avg Speed: 0.00 M/s, Max Resolution: None
Category: 🏀体育频道, Name: 四海钓鱼, Total: 3, Valid: 0, Valid Percent: 0.00%, Whitelist: 3, IPv4: 0, IPv6: 0, Min Delay: -1 ms, Max Speed: 0.00 M/s, Avg Speed: 0.00 M/s, Max Resolution: None
Category: 🏀体育频道, Name: 武术世界, Total: 3, Valid: 0, Valid Percent: 0.00%, Whitelist: 3, IPv4: 0, IPv6: 0, Min Delay: -1 ms, Max Speed: 0.00 M/s, Avg Speed: 0.00 M/s, Max Resolution: None
Category: 🏀体育频道, Name: 电竞天堂, Total: 3, Valid: 3, Valid Percent: 100.00%, Whitelist: 0, IPv4: 3, IPv6: 0, Min Delay: 518 ms, Max Speed: 0.45 M/s, Avg Speed: 0.31 M/s, Max Resolution: 1920x1080
Category: 🏀体育频道, Name: 游戏风云, Total: 2, Valid: 0, Valid Percent: 0.00%, Whitelist: 2, IPv4: 0, IPv6: 0, Min Delay: -1 ms, Max Speed: 0.00 M/s, Avg Speed: 0.00 M/s, Max Resolution: None
Category: 🌽其他城市频道, Name: 海南卫视, Total: 4, Valid: 0, Valid Percent: 0.00%, Whitelist: 4, IPv4: 0, IPv6: 0, Min Delay: -1 ms, Max Speed: 0.00 M/s, Avg Speed: 0.00 M/s, Max Resolution: None
Category: 🌽其他城市频道, Name: 海南自贸, Total: 1, Valid: 0, Valid Percent: 0.00%, Whitelist: 1, IPv4: 0, IPv6: 0, Min Delay: -1 ms, Max Speed: 0.00 M/s, Avg Speed: 0.00 M/s, Max Resolution: None
Category: 🌽其他城市频道, Name: 海南新闻, Total: 1, Valid: 0, Valid Percent: 0.00%, Whitelist: 1, IPv4: 0, IPv6: 0, Min Delay: -1 ms, Max Speed: 0.00 M/s, Avg Speed: 0.00 M/s, Max Resolution: None
Category: 🌽其他城市频道, Name: 海南少儿, Total: 1, Valid: 0, Valid Percent: 0.00%, Whitelist: 1, IPv4: 0, IPv6: 0, Min Delay: -1 ms, Max Speed: 0.00 M/s, Avg Speed: 0.00 M/s, Max Resolution: None
Category: 🌽其他城市频道, Name: 海南文旅, Total: 1, Valid: 0, Valid Percent: 0.00%, Whitelist: 1, IPv4: 0, IPv6: 0, Min Delay: -1 ms, Max Speed: 0.00 M/s, Avg Speed: 0.00 M/s, Max Resolution: None
Category: 🌽其他城市频道, Name: 新动力量创一流, Total: 1, Valid: 0, Valid Percent: 0.00%, Whitelist: 1, IPv4: 0, IPv6: 0, Min Delay: -1 ms, Max Speed: 0.00 M/s, Avg Speed: 0.00 M/s, Max Resolution: None
Category: 🌽其他城市频道, Name: 建党105周年巡礼, Total: 1, Valid: 0, Valid Percent: 0.00%, Whitelist: 1, IPv4: 0, IPv6: 0, Min Delay: -1 ms, Max Speed: 0.00 M/s, Avg Speed: 0.00 M/s, Max Resolution: None
Category: 🌽其他城市频道, Name: 今日说法, Total: 1, Valid: 0, Valid Percent: 0.00%, Whitelist: 1, IPv4: 0, IPv6: 0, Min Delay: -1 ms, Max Speed: 0.00 M/s, Avg Speed: 0.00 M/s, Max Resolution: None
Category: 🌽其他城市频道, Name: 血色山河·抗日战争影像志, Total: 1, Valid: 0, Valid Percent: 0.00%, Whitelist: 1, IPv4: 0, IPv6: 0, Min Delay: -1 ms, Max Speed: 0.00 M/s, Avg Speed: 0.00 M/s, Max Resolution: None
Category: 🌽其他城市频道, Name: 乡村振兴, Total: 1, Valid: 0, Valid Percent: 0.00%, Whitelist: 1, IPv4: 0, IPv6: 0, Min Delay: -1 ms, Max Speed: 0.00 M/s, Avg Speed: 0.00 M/s, Max Resolution: None
Category: 🌽其他城市频道, Name: 北京新闻, Total: 1, Valid: 0, Valid Percent: 0.00%, Whitelist: 1, IPv4: 0, IPv6: 0, Min Delay: -1 ms, Max Speed: 0.00 M/s, Avg Speed: 0.00 M/s, Max Resolution: None
Category: 🌽其他城市频道, Name: 北京财经, Total: 2, Valid: 0, Valid Percent: 0.00%, Whitelist: 2, IPv4: 0, IPv6: 0, Min Delay: -1 ms, Max Speed: 0.00 M/s, Avg Speed: 0.00 M/s, Max Resolution: None
Category: 🌽其他城市频道, Name: 北京文艺, Total: 2, Valid: 0, Valid Percent: 0.00%, Whitelist: 2, IPv4: 0, IPv6: 0, Min Delay: -1 ms, Max Speed: 0.00 M/s, Avg Speed: 0.00 M/s, Max Resolution: None
Category: 🌽其他城市频道, Name: 北京生活, Total: 2, Valid: 0, Valid Percent: 0.00%, Whitelist: 2, IPv4: 0, IPv6: 0, Min Delay: -1 ms, Max Speed: 0.00 M/s, Avg Speed: 0.00 M/s, Max Resolution: None
Category: 🌽其他城市频道, Name: 北京少儿, Total: 2, Valid: 0, Valid Percent: 0.00%, Whitelist: 2, IPv4: 0, IPv6: 0, Min Delay: -1 ms, Max Speed: 0.00 M/s, Avg Speed: 0.00 M/s, Max Resolution: None
Category: 🌽其他城市频道, Name: 北京影视, Total: 2, Valid: 0, Valid Percent: 0.00%, Whitelist: 2, IPv4: 0, IPv6: 0, Min Delay: -1 ms, Max Speed: 0.00 M/s, Avg Speed: 0.00 M/s, Max Resolution: None
Category: 🌽其他城市频道, Name: 北京纪实科教, Total: 8, Valid: 4, Valid Percent: 50.00%, Whitelist: 3, IPv4: 5, IPv6: 0, Min Delay: 494 ms, Max Speed: 0.23 M/s, Avg Speed: 0.14 M/s, Max Resolution: 576x320
Category: 🌽其他城市频道, Name: 福州生活, Total: 1, Valid: 0, Valid Percent: 0.00%, Whitelist: 1, IPv4: 0, IPv6: 0, Min Delay: -1 ms, Max Speed: 0.00 M/s, Avg Speed: 0.00 M/s, Max Resolution: None
Category: 🌽其他城市频道, Name: 上海第一财经, Total: 2, Valid: 0, Valid Percent: 0.00%, Whitelist: 1, IPv4: 1, IPv6: 0, Min Delay: 486 ms, Max Speed: 0.00 M/s, Avg Speed: 0.00 M/s, Max Resolution: None
Category: 🌽其他城市频道, Name: 上海新闻综合, Total: 1, Valid: 0, Valid Percent: 0.00%, Whitelist: 1, IPv4: 0, IPv6: 0, Min Delay: -1 ms, Max Speed: 0.00 M/s, Avg Speed: 0.00 M/s, Max Resolution: None
Category: 🌽其他城市频道, Name: 上海都市, Total: 1, Valid: 0, Valid Percent: 0.00%, Whitelist: 1, IPv4: 0, IPv6: 0, Min Delay: -1 ms, Max Speed: 0.00 M/s, Avg Speed: 0.00 M/s, Max Resolution: None
Category: 🌽其他城市频道, Name: 新纪实, Total: 1, Valid: 1, Valid Percent: 100.00%, Whitelist: 0, IPv4: 1, IPv6: 0, Min Delay: 2300 ms, Max Speed: 0.41 M/s, Avg Speed: 0.41 M/s, Max Resolution: 1920x1080
Category: 🌽其他城市频道, Name: 东方纪实, Total: 1, Valid: 0, Valid Percent: 0.00%, Whitelist: 1, IPv4: 0, IPv6: 0, Min Delay: -1 ms, Max Speed: 0.00 M/s, Avg Speed: 0.00 M/s, Max Resolution: None
Category: 🌽其他城市频道, Name: 环球旅游, Total: 4, Valid: 0, Valid Percent: 0.00%, Whitelist: 4, IPv4: 0, IPv6: 0, Min Delay: -1 ms, Max Speed: 0.00 M/s, Avg Speed: 0.00 M/s, Max Resolution: None
Category: 🌽其他城市频道, Name: 金色剧场, Total: 1, Valid: 0, Valid Percent: 0.00%, Whitelist: 1, IPv4: 0, IPv6: 0, Min Delay: -1 ms, Max Speed: 0.00 M/s, Avg Speed: 0.00 M/s, Max Resolution: None
Category: 🌽其他城市频道, Name: 爱上海, Total: 1, Valid: 1, Valid Percent: 100.00%, Whitelist: 0, IPv4: 1, IPv6: 0, Min Delay: 2312 ms, Max Speed: 0.62 M/s, Avg Speed: 0.62 M/s, Max Resolution: 1920x1080
Category: 🌽其他城市频道, Name: 天津新闻, Total: 1, Valid: 0, Valid Percent: 0.00%, Whitelist: 1, IPv4: 0, IPv6: 0, Min Delay: -1 ms, Max Speed: 0.00 M/s, Avg Speed: 0.00 M/s, Max Resolution: None
Category: 🌽其他城市频道, Name: 天津文艺, Total: 1, Valid: 0, Valid Percent: 0.00%, Whitelist: 1, IPv4: 0, IPv6: 0, Min Delay: -1 ms, Max Speed: 0.00 M/s, Avg Speed: 0.00 M/s, Max Resolution: None
Category: 🌽其他城市频道, Name: 天津影视, Total: 1, Valid: 0, Valid Percent: 0.00%, Whitelist: 1, IPv4: 0, IPv6: 0, Min Delay: -1 ms, Max Speed: 0.00 M/s, Avg Speed: 0.00 M/s, Max Resolution: None
Category: 🌽其他城市频道, Name: 天津都市, Total: 1, Valid: 0, Valid Percent: 0.00%, Whitelist: 1, IPv4: 0, IPv6: 0, Min Delay: -1 ms, Max Speed: 0.00 M/s, Avg Speed: 0.00 M/s, Max Resolution: None
Category: 🌽其他城市频道, Name: 天津体育, Total: 1, Valid: 0, Valid Percent: 0.00%, Whitelist: 1, IPv4: 0, IPv6: 0, Min Delay: -1 ms, Max Speed: 0.00 M/s, Avg Speed: 0.00 M/s, Max Resolution: None
Category: 🌽其他城市频道, Name: 天津教育, Total: 1, Valid: 0, Valid Percent: 0.00%, Whitelist: 1, IPv4: 0, IPv6: 0, Min Delay: -1 ms, Max Speed: 0.00 M/s, Avg Speed: 0.00 M/s, Max Resolution: None
Category: 🌽其他城市频道, Name: 青岛影视频道, Total: 1, Valid: 0, Valid Percent: 0.00%, Whitelist: 1, IPv4: 0, IPv6: 0, Min Delay: -1 ms, Max Speed: 0.00 M/s, Avg Speed: 0.00 M/s, Max Resolution: None
Category: 🌽其他城市频道, Name: 青岛休闲资讯, Total: 1, Valid: 0, Valid Percent: 0.00%, Whitelist: 1, IPv4: 0, IPv6: 0, Min Delay: -1 ms, Max Speed: 0.00 M/s, Avg Speed: 0.00 M/s, Max Resolution: None
Category: 🌽其他城市频道, Name: 广西都市, Total: 3, Valid: 2, Valid Percent: 66.67%, Whitelist: 1, IPv4: 2, IPv6: 0, Min Delay: 307 ms, Max Speed: 16.98 M/s, Avg Speed: 16.76 M/s, Max Resolution: 1920x1080
Category: 🌽其他城市频道, Name: 广西国际, Total: 3, Valid: 2, Valid Percent: 66.67%, Whitelist: 1, IPv4: 2, IPv6: 0, Min Delay: 299 ms, Max Speed: 17.39 M/s, Avg Speed: 17.10 M/s, Max Resolution: 1920x1080
Category: 🌽其他城市频道, Name: 广西新闻, Total: 3, Valid: 2, Valid Percent: 66.67%, Whitelist: 1, IPv4: 2, IPv6: 0, Min Delay: 219 ms, Max Speed: 13.03 M/s, Avg Speed: 12.80 M/s, Max Resolution: 1920x1080
Category: 🌽其他城市频道, Name: 广西移动, Total: 1, Valid: 0, Valid Percent: 0.00%, Whitelist: 1, IPv4: 0, IPv6: 0, Min Delay: -1 ms, Max Speed: 0.00 M/s, Avg Speed: 0.00 M/s, Max Resolution: None
Category: 🌽其他城市频道, Name: 广西影视, Total: 3, Valid: 2, Valid Percent: 66.67%, Whitelist: 1, IPv4: 2, IPv6: 0, Min Delay: 153 ms, Max Speed: 12.47 M/s, Avg Speed: 8.37 M/s, Max Resolution: 1920x1080
Category: 🌽其他城市频道, Name: 广西综艺旅游, Total: 3, Valid: 2, Valid Percent: 66.67%, Whitelist: 1, IPv4: 2, IPv6: 0, Min Delay: 310 ms, Max Speed: 16.72 M/s, Avg Speed: 16.65 M/s, Max Resolution: 1920x1080
Category: 🌽其他城市频道, Name: 广东新闻, Total: 3, Valid: 1, Valid Percent: 33.33%, Whitelist: 2, IPv4: 1, IPv6: 0, Min Delay: 189 ms, Max Speed: 10.38 M/s, Avg Speed: 10.38 M/s, Max Resolution: 1280x720
Category: 🌽其他城市频道, Name: 广东移动, Total: 1, Valid: 0, Valid Percent: 0.00%, Whitelist: 1, IPv4: 0, IPv6: 0, Min Delay: -1 ms, Max Speed: 0.00 M/s, Avg Speed: 0.00 M/s, Max Resolution: None
Category: 🌽其他城市频道, Name: 广东珠江, Total: 9, Valid: 5, Valid Percent: 55.56%, Whitelist: 2, IPv4: 6, IPv6: 1, Min Delay: 195 ms, Max Speed: 12.80 M/s, Avg Speed: 5.12 M/s, Max Resolution: 1920x1080
Category: 🌽其他城市频道, Name: 嘉佳卡通, Total: 4, Valid: 0, Valid Percent: 0.00%, Whitelist: 4, IPv4: 0, IPv6: 0, Min Delay: -1 ms, Max Speed: 0.00 M/s, Avg Speed: 0.00 M/s, Max Resolution: None
Category: 🌽其他城市频道, Name: 岭南戏曲, Total: 1, Valid: 0, Valid Percent: 0.00%, Whitelist: 1, IPv4: 0, IPv6: 0, Min Delay: -1 ms, Max Speed: 0.00 M/s, Avg Speed: 0.00 M/s, Max Resolution: None
Category: 🌽其他城市频道, Name: 广东4K超高清, Total: 7, Valid: 5, Valid Percent: 71.43%, Whitelist: 1, IPv4: 6, IPv6: 0, Min Delay: 471 ms, Max Speed: 0.23 M/s, Avg Speed: 0.12 M/s, Max Resolution: 3840x2160
Category: 🌽其他城市频道, Name: 广东少儿, Total: 2, Valid: 1, Valid Percent: 50.00%, Whitelist: 1, IPv4: 1, IPv6: 0, Min Delay: 460 ms, Max Speed: 0.13 M/s, Avg Speed: 0.13 M/s, Max Resolution: 0x0
Category: 🌽其他城市频道, Name: 广东体育, Total: 2, Valid: 0, Valid Percent: 0.00%, Whitelist: 1, IPv4: 0, IPv6: 1, Min Delay: -1 ms, Max Speed: 0.00 M/s, Avg Speed: 0.00 M/s, Max Resolution: None
Category: 🌽其他城市频道, Name: 广东民生, Total: 1, Valid: 0, Valid Percent: 0.00%, Whitelist: 1, IPv4: 0, IPv6: 0, Min Delay: -1 ms, Max Speed: 0.00 M/s, Avg Speed: 0.00 M/s, Max Resolution: None
Category: 🌽其他城市频道, Name: 重庆文体娱乐, Total: 1, Valid: 0, Valid Percent: 0.00%, Whitelist: 1, IPv4: 0, IPv6: 0, Min Delay: -1 ms, Max Speed: 0.00 M/s, Avg Speed: 0.00 M/s, Max Resolution: None
Category: 🌽其他城市频道, Name: 重庆社会与法, Total: 1, Valid: 0, Valid Percent: 0.00%, Whitelist: 1, IPv4: 0, IPv6: 0, Min Delay: -1 ms, Max Speed: 0.00 M/s, Avg Speed: 0.00 M/s, Max Resolution: None
Category: 🌽其他城市频道, Name: 重庆新农村, Total: 1, Valid: 0, Valid Percent: 0.00%, Whitelist: 1, IPv4: 0, IPv6: 0, Min Delay: -1 ms, Max Speed: 0.00 M/s, Avg Speed: 0.00 M/s, Max Resolution: None
Category: 🌽其他城市频道, Name: 重庆重广融媒, Total: 1, Valid: 0, Valid Percent: 0.00%, Whitelist: 1, IPv4: 0, IPv6: 0, Min Delay: -1 ms, Max Speed: 0.00 M/s, Avg Speed: 0.00 M/s, Max Resolution: None
Category: 🌽其他城市频道, Name: 重庆红叶, Total: 1, Valid: 0, Valid Percent: 0.00%, Whitelist: 1, IPv4: 0, IPv6: 0, Min Delay: -1 ms, Max Speed: 0.00 M/s, Avg Speed: 0.00 M/s, Max Resolution: None
Category: 🌽其他城市频道, Name: 重庆汽摩, Total: 1, Valid: 0, Valid Percent: 0.00%, Whitelist: 1, IPv4: 0, IPv6: 0, Min Delay: -1 ms, Max Speed: 0.00 M/s, Avg Speed: 0.00 M/s, Max Resolution: None
Category: 🌽其他城市频道, Name: 重庆少儿, Total: 1, Valid: 0, Valid Percent: 0.00%, Whitelist: 1, IPv4: 0, IPv6: 0, Min Delay: -1 ms, Max Speed: 0.00 M/s, Avg Speed: 0.00 M/s, Max Resolution: None
Category: 🌽其他城市频道, Name: 重庆红岩文化, Total: 1, Valid: 0, Valid Percent: 0.00%, Whitelist: 1, IPv4: 0, IPv6: 0, Min Delay: -1 ms, Max Speed: 0.00 M/s, Avg Speed: 0.00 M/s, Max Resolution: None
Category: 🌽其他城市频道, Name: 重庆新闻, Total: 1, Valid: 0, Valid Percent: 0.00%, Whitelist: 1, IPv4: 0, IPv6: 0, Min Delay: -1 ms, Max Speed: 0.00 M/s, Avg Speed: 0.00 M/s, Max Resolution: None
Category: 🌽其他城市频道, Name: 重庆影视剧, Total: 1, Valid: 0, Valid Percent: 0.00%, Whitelist: 1, IPv4: 0, IPv6: 0, Min Delay: -1 ms, Max Speed: 0.00 M/s, Avg Speed: 0.00 M/s, Max Resolution: None
Category: 🌽其他城市频道, Name: 吉林都市, Total: 3, Valid: 3, Valid Percent: 100.00%, Whitelist: 0, IPv4: 3, IPv6: 0, Min Delay: 159 ms, Max Speed: 8.57 M/s, Avg Speed: 8.46 M/s, Max Resolution: 1280x720
Category: 🌽其他城市频道, Name: 吉林生活, Total: 1, Valid: 0, Valid Percent: 0.00%, Whitelist: 0, IPv4: 1, IPv6: 0, Min Delay: 32 ms, Max Speed: 0.00 M/s, Avg Speed: 0.00 M/s, Max Resolution: None
Category: 🌽其他城市频道, Name: 吉林乡村, Total: 1, Valid: 0, Valid Percent: 0.00%, Whitelist: 1, IPv4: 0, IPv6: 0, Min Delay: -1 ms, Max Speed: 0.00 M/s, Avg Speed: 0.00 M/s, Max Resolution: None
Category: 🌽其他城市频道, Name: 吉林市新闻, Total: 1, Valid: 1, Valid Percent: 100.00%, Whitelist: 0, IPv4: 1, IPv6: 0, Min Delay: 844 ms, Max Speed: 0.12 M/s, Avg Speed: 0.12 M/s, Max Resolution: 640x480
Category: 🌽其他城市频道, Name: 吉林市生活, Total: 1, Valid: 1, Valid Percent: 100.00%, Whitelist: 0, IPv4: 1, IPv6: 0, Min Delay: 837 ms, Max Speed: 0.12 M/s, Avg Speed: 0.12 M/s, Max Resolution: 640x480
Category: 🌽其他城市频道, Name: 吉林市科教, Total: 1, Valid: 1, Valid Percent: 100.00%, Whitelist: 0, IPv4: 1, IPv6: 0, Min Delay: 866 ms, Max Speed: 0.12 M/s, Avg Speed: 0.12 M/s, Max Resolution: 640x480
Category: 🌽其他城市频道, Name: 吉祥新闻, Total: 2, Valid: 2, Valid Percent: 100.00%, Whitelist: 0, IPv4: 2, IPv6: 0, Min Delay: 2455 ms, Max Speed: 0.68 M/s, Avg Speed: 0.65 M/s, Max Resolution: 1920x1080
Category: 🌽其他城市频道, Name: 黑龙江农业科教, Total: 2, Valid: 1, Valid Percent: 50.00%, Whitelist: 0, IPv4: 2, IPv6: 0, Min Delay: 767 ms, Max Speed: 0.28 M/s, Avg Speed: 0.28 M/s, Max Resolution: 720x576
Category: 🌽其他城市频道, Name: 黑龙江影视, Total: 1, Valid: 0, Valid Percent: 0.00%, Whitelist: 0, IPv4: 1, IPv6: 0, Min Delay: 1008 ms, Max Speed: 0.00 M/s, Avg Speed: 0.00 M/s, Max Resolution: None
Category: 🌽其他城市频道, Name: 黑龙江文体, Total: 2, Valid: 1, Valid Percent: 50.00%, Whitelist: 0, IPv4: 2, IPv6: 0, Min Delay: 528 ms, Max Speed: 0.83 M/s, Avg Speed: 0.83 M/s, Max Resolution: 1920x1080
Category: 🌽其他城市频道, Name: 黑龙江都市, Total: 2, Valid: 1, Valid Percent: 50.00%, Whitelist: 0, IPv4: 2, IPv6: 0, Min Delay: 540 ms, Max Speed: 0.31 M/s, Avg Speed: 0.31 M/s, Max Resolution: None
Category: 🌽其他城市频道, Name: 黑龙江新闻法治, Total: 2, Valid: 1, Valid Percent: 50.00%, Whitelist: 0, IPv4: 2, IPv6: 0, Min Delay: 550 ms, Max Speed: 0.79 M/s, Avg Speed: 0.79 M/s, Max Resolution: None
Category: 🌽其他城市频道, Name: 黑龙江少儿, Total: 2, Valid: 1, Valid Percent: 50.00%, Whitelist: 0, IPv4: 2, IPv6: 0, Min Delay: 529 ms, Max Speed: 0.31 M/s, Avg Speed: 0.31 M/s, Max Resolution: 720x576
Category: 🌽其他城市频道, Name: 哈尔滨新闻综合, Total: 1, Valid: 1, Valid Percent: 100.00%, Whitelist: 0, IPv4: 1, IPv6: 0, Min Delay: 6365 ms, Max Speed: 0.06 M/s, Avg Speed: 0.06 M/s, Max Resolution: 640x480
Category: 🌽其他城市频道, Name: 哈尔滨生活, Total: 1, Valid: 1, Valid Percent: 100.00%, Whitelist: 0, IPv4: 1, IPv6: 0, Min Delay: 7183 ms, Max Speed: 0.07 M/s, Avg Speed: 0.07 M/s, Max Resolution: 640x480
Category: 🌽其他城市频道, Name: 哈尔滨娱乐, Total: 1, Valid: 1, Valid Percent: 100.00%, Whitelist: 0, IPv4: 1, IPv6: 0, Min Delay: 1061 ms, Max Speed: 0.03 M/s, Avg Speed: 0.03 M/s, Max Resolution: 640x480
Category: 🌽其他城市频道, Name: 哈尔滨影视, Total: 1, Valid: 1, Valid Percent: 100.00%, Whitelist: 0, IPv4: 1, IPv6: 0, Min Delay: 5482 ms, Max Speed: 0.09 M/s, Avg Speed: 0.09 M/s, Max Resolution: 640x480
Category: 🌽其他城市频道, Name: 湖南娱乐, Total: 2, Valid: 2, Valid Percent: 100.00%, Whitelist: 0, IPv4: 2, IPv6: 0, Min Delay: 253 ms, Max Speed: 10.39 M/s, Avg Speed: 9.52 M/s, Max Resolution: 1280x720
Category: 🌽其他城市频道, Name: 湖南电视剧, Total: 1, Valid: 1, Valid Percent: 100.00%, Whitelist: 0, IPv4: 1, IPv6: 0, Min Delay: 415 ms, Max Speed: 1.92 M/s, Avg Speed: 1.92 M/s, Max Resolution: None
Category: 🌽其他城市频道, Name: 云南都市, Total: 1, Valid: 1, Valid Percent: 100.00%, Whitelist: 0, IPv4: 1, IPv6: 0, Min Delay: 2443 ms, Max Speed: 0.21 M/s, Avg Speed: 0.21 M/s, Max Resolution: 1280x720
Category: 🌽其他城市频道, Name: 云南娱乐, Total: 1, Valid: 1, Valid Percent: 100.00%, Whitelist: 0, IPv4: 1, IPv6: 0, Min Delay: 2846 ms, Max Speed: 0.21 M/s, Avg Speed: 0.21 M/s, Max Resolution: 1280x720
Category: 🌽其他城市频道, Name: 云南康旅, Total: 1, Valid: 1, Valid Percent: 100.00%, Whitelist: 0, IPv4: 1, IPv6: 0, Min Delay: 3288 ms, Max Speed: 0.20 M/s, Avg Speed: 0.20 M/s, Max Resolution: 1280x720
Category: 🌽其他城市频道, Name: 云南影视, Total: 1, Valid: 1, Valid Percent: 100.00%, Whitelist: 0, IPv4: 1, IPv6: 0, Min Delay: 1089 ms, Max Speed: 0.08 M/s, Avg Speed: 0.08 M/s, Max Resolution: 1280x720
Category: 🌽其他城市频道, Name: 南京新闻综合, Total: 3, Valid: 2, Valid Percent: 66.67%, Whitelist: 1, IPv4: 2, IPv6: 0, Min Delay: 502 ms, Max Speed: 0.27 M/s, Avg Speed: 0.27 M/s, Max Resolution: 720x576
Category: 🌽其他城市频道, Name: 南京教科频道, Total: 1, Valid: 0, Valid Percent: 0.00%, Whitelist: 1, IPv4: 0, IPv6: 0, Min Delay: -1 ms, Max Speed: 0.00 M/s, Avg Speed: 0.00 M/s, Max Resolution: None
Category: 🌽其他城市频道, Name: 南京十八频道, Total: 1, Valid: 0, Valid Percent: 0.00%, Whitelist: 1, IPv4: 0, IPv6: 0, Min Delay: -1 ms, Max Speed: 0.00 M/s, Avg Speed: 0.00 M/s, Max Resolution: None
Category: 🌽其他城市频道, Name: 盐城新闻综合, Total: 1, Valid: 0, Valid Percent: 0.00%, Whitelist: 1, IPv4: 0, IPv6: 0, Min Delay: -1 ms, Max Speed: 0.00 M/s, Avg Speed: 0.00 M/s, Max Resolution: None
Category: 🌽其他城市频道, Name: 淮安新闻综合, Total: 1, Valid: 0, Valid Percent: 0.00%, Whitelist: 1, IPv4: 0, IPv6: 0, Min Delay: -1 ms, Max Speed: 0.00 M/s, Avg Speed: 0.00 M/s, Max Resolution: None
Category: 🌽其他城市频道, Name: 泰州新闻综合, Total: 1, Valid: 0, Valid Percent: 0.00%, Whitelist: 1, IPv4: 0, IPv6: 0, Min Delay: -1 ms, Max Speed: 0.00 M/s, Avg Speed: 0.00 M/s, Max Resolution: None
Category: 🌽其他城市频道, Name: 连云港新闻综合, Total: 1, Valid: 0, Valid Percent: 0.00%, Whitelist: 1, IPv4: 0, IPv6: 0, Min Delay: -1 ms, Max Speed: 0.00 M/s, Avg Speed: 0.00 M/s, Max Resolution: None
Category: 🌽其他城市频道, Name: 宿迁新闻综合, Total: 1, Valid: 0, Valid Percent: 0.00%, Whitelist: 1, IPv4: 0, IPv6: 0, Min Delay: -1 ms, Max Speed: 0.00 M/s, Avg Speed: 0.00 M/s, Max Resolution: None
Category: 🌽其他城市频道, Name: 徐州新闻综合, Total: 1, Valid: 0, Valid Percent: 0.00%, Whitelist: 1, IPv4: 0, IPv6: 0, Min Delay: -1 ms, Max Speed: 0.00 M/s, Avg Speed: 0.00 M/s, Max Resolution: None
Category: 🌽其他城市频道, Name: 江阴新闻综合, Total: 1, Valid: 0, Valid Percent: 0.00%, Whitelist: 1, IPv4: 0, IPv6: 0, Min Delay: -1 ms, Max Speed: 0.00 M/s, Avg Speed: 0.00 M/s, Max Resolution: None
Category: 🌽其他城市频道, Name: 南通新闻综合, Total: 1, Valid: 0, Valid Percent: 0.00%, Whitelist: 1, IPv4: 0, IPv6: 0, Min Delay: -1 ms, Max Speed: 0.00 M/s, Avg Speed: 0.00 M/s, Max Resolution: None
Category: 🌽其他城市频道, Name: 宜兴新闻综合, Total: 1, Valid: 0, Valid Percent: 0.00%, Whitelist: 1, IPv4: 0, IPv6: 0, Min Delay: -1 ms, Max Speed: 0.00 M/s, Avg Speed: 0.00 M/s, Max Resolution: None
Category: 🌽其他城市频道, Name: 溧水新闻综合, Total: 1, Valid: 0, Valid Percent: 0.00%, Whitelist: 1, IPv4: 0, IPv6: 0, Min Delay: -1 ms, Max Speed: 0.00 M/s, Avg Speed: 0.00 M/s, Max Resolution: None
Category: 🌽其他城市频道, Name: 镇江新闻综合, Total: 1, Valid: 0, Valid Percent: 0.00%, Whitelist: 1, IPv4: 0, IPv6: 0, Min Delay: -1 ms, Max Speed: 0.00 M/s, Avg Speed: 0.00 M/s, Max Resolution: None
Category: 🌽其他城市频道, Name: 江苏城市频道, Total: 1, Valid: 0, Valid Percent: 0.00%, Whitelist: 1, IPv4: 0, IPv6: 0, Min Delay: -1 ms, Max Speed: 0.00 M/s, Avg Speed: 0.00 M/s, Max Resolution: None
Category: 🌽其他城市频道, Name: 江苏国际, Total: 3, Valid: 0, Valid Percent: 0.00%, Whitelist: 1, IPv4: 2, IPv6: 0, Min Delay: 488 ms, Max Speed: 0.00 M/s, Avg Speed: 0.00 M/s, Max Resolution: None
Category: 🌽其他城市频道, Name: 江苏教育, Total: 3, Valid: 0, Valid Percent: 0.00%, Whitelist: 1, IPv4: 2, IPv6: 0, Min Delay: 517 ms, Max Speed: 0.00 M/s, Avg Speed: 0.00 M/s, Max Resolution: None
Category: 🌽其他城市频道, Name: 江苏影视频道, Total: 1, Valid: 0, Valid Percent: 0.00%, Whitelist: 1, IPv4: 0, IPv6: 0, Min Delay: -1 ms, Max Speed: 0.00 M/s, Avg Speed: 0.00 M/s, Max Resolution: None
Category: 🌽其他城市频道, Name: 江苏综艺, Total: 3, Valid: 0, Valid Percent: 0.00%, Whitelist: 1, IPv4: 2, IPv6: 0, Min Delay: 1320 ms, Max Speed: 0.00 M/s, Avg Speed: 0.00 M/s, Max Resolution: None
Category: 🌽其他城市频道, Name: 江苏公共新闻, Total: 1, Valid: 0, Valid Percent: 0.00%, Whitelist: 1, IPv4: 0, IPv6: 0, Min Delay: -1 ms, Max Speed: 0.00 M/s, Avg Speed: 0.00 M/s, Max Resolution: None
Category: 🌽其他城市频道, Name: 苏州综合, Total: 1, Valid: 1, Valid Percent: 100.00%, Whitelist: 0, IPv4: 1, IPv6: 0, Min Delay: 1179 ms, Max Speed: 1.16 M/s, Avg Speed: 1.16 M/s, Max Resolution: 1920x1080
Category: 🌽其他城市频道, Name: 苏州经济, Total: 1, Valid: 1, Valid Percent: 100.00%, Whitelist: 0, IPv4: 1, IPv6: 0, Min Delay: 954 ms, Max Speed: 1.58 M/s, Avg Speed: 1.58 M/s, Max Resolution: 1920x1080
Category: 🌽其他城市频道, Name: 苏州生活, Total: 1, Valid: 1, Valid Percent: 100.00%, Whitelist: 0, IPv4: 1, IPv6: 0, Min Delay: 1024 ms, Max Speed: 0.33 M/s, Avg Speed: 0.33 M/s, Max Resolution: 1280x720
Category: 🌽其他城市频道, Name: 苏州娱乐, Total: 1, Valid: 1, Valid Percent: 100.00%, Whitelist: 0, IPv4: 1, IPv6: 0, Min Delay: 1179 ms, Max Speed: 0.36 M/s, Avg Speed: 0.36 M/s, Max Resolution: 1280x720
Category: 🌽其他城市频道, Name: 苏州资讯, Total: 1, Valid: 1, Valid Percent: 100.00%, Whitelist: 0, IPv4: 1, IPv6: 0, Min Delay: 1155 ms, Max Speed: 0.31 M/s, Avg Speed: 0.31 M/s, Max Resolution: 1280x720
Category: 🌽其他城市频道, Name: 苏州4K台, Total: 1, Valid: 1, Valid Percent: 100.00%, Whitelist: 0, IPv4: 1, IPv6: 0, Min Delay: 740 ms, Max Speed: 0.27 M/s, Avg Speed: 0.27 M/s, Max Resolution: 1280x720
Category: 🌽其他城市频道, Name: 陕西银龄频道, Total: 1, Valid: 0, Valid Percent: 0.00%, Whitelist: 1, IPv4: 0, IPv6: 0, Min Delay: -1 ms, Max Speed: 0.00 M/s, Avg Speed: 0.00 M/s, Max Resolution: None
Category: 🌽其他城市频道, Name: 陕西都市青春频道, Total: 1, Valid: 0, Valid Percent: 0.00%, Whitelist: 1, IPv4: 0, IPv6: 0, Min Delay: -1 ms, Max Speed: 0.00 M/s, Avg Speed: 0.00 M/s, Max Resolution: None
Category: 🌽其他城市频道, Name: 陕西秦腔频道, Total: 1, Valid: 0, Valid Percent: 0.00%, Whitelist: 1, IPv4: 0, IPv6: 0, Min Delay: -1 ms, Max Speed: 0.00 M/s, Avg Speed: 0.00 M/s, Max Resolution: None
Category: 🌽其他城市频道, Name: 陕西新闻资讯, Total: 1, Valid: 0, Valid Percent: 0.00%, Whitelist: 1, IPv4: 0, IPv6: 0, Min Delay: -1 ms, Max Speed: 0.00 M/s, Avg Speed: 0.00 M/s, Max Resolution: None
Category: 🌽其他城市频道, Name: 河南卫视, Total: 3, Valid: 0, Valid Percent: 0.00%, Whitelist: 3, IPv4: 0, IPv6: 0, Min Delay: -1 ms, Max Speed: 0.00 M/s, Avg Speed: 0.00 M/s, Max Resolution: None
Category: 🌽其他城市频道, Name: 武术世界, Total: 3, Valid: 0, Valid Percent: 0.00%, Whitelist: 3, IPv4: 0, IPv6: 0, Min Delay: -1 ms, Max Speed: 0.00 M/s, Avg Speed: 0.00 M/s, Max Resolution: None
Category: 🌽其他城市频道, Name: 文物宝库, Total: 2, Valid: 0, Valid Percent: 0.00%, Whitelist: 2, IPv4: 0, IPv6: 0, Min Delay: -1 ms, Max Speed: 0.00 M/s, Avg Speed: 0.00 M/s, Max Resolution: None
Category: 🌽其他城市频道, Name: 国学频道, Total: 2, Valid: 0, Valid Percent: 0.00%, Whitelist: 2, IPv4: 0, IPv6: 0, Min Delay: -1 ms, Max Speed: 0.00 M/s, Avg Speed: 0.00 M/s, Max Resolution: None
Category: 🌽其他城市频道, Name: 德惠综合, Total: 1, Valid: 1, Valid Percent: 100.00%, Whitelist: 0, IPv4: 1, IPv6: 0, Min Delay: 4231 ms, Max Speed: 0.37 M/s, Avg Speed: 0.37 M/s, Max Resolution: 720x576
Category: 🌽其他城市频道, Name: 桦甸综合, Total: 1, Valid: 1, Valid Percent: 100.00%, Whitelist: 0, IPv4: 1, IPv6: 0, Min Delay: 1998 ms, Max Speed: 0.10 M/s, Avg Speed: 0.10 M/s, Max Resolution: 720x576
Category: 🌽其他城市频道, Name: 珲春新闻综合, Total: 1, Valid: 1, Valid Percent: 100.00%, Whitelist: 0, IPv4: 1, IPv6: 0, Min Delay: 1767 ms, Max Speed: 0.28 M/s, Avg Speed: 0.28 M/s, Max Resolution: 720x576
Category: 🌽其他城市频道, Name: 九台综合, Total: 1, Valid: 1, Valid Percent: 100.00%, Whitelist: 0, IPv4: 1, IPv6: 0, Min Delay: 1537 ms, Max Speed: 0.24 M/s, Avg Speed: 0.24 M/s, Max Resolution: 720x576
Category: 🌽其他城市频道, Name: 龙井综合, Total: 1, Valid: 1, Valid Percent: 100.00%, Whitelist: 0, IPv4: 1, IPv6: 0, Min Delay: 3991 ms, Max Speed: 0.13 M/s, Avg Speed: 0.13 M/s, Max Resolution: 720x576
Category: 🌽其他城市频道, Name: 磐石综合, Total: 1, Valid: 1, Valid Percent: 100.00%, Whitelist: 0, IPv4: 1, IPv6: 0, Min Delay: 2471 ms, Max Speed: 0.29 M/s, Avg Speed: 0.29 M/s, Max Resolution: 720x576
Category: 🌽其他城市频道, Name: 舒兰新闻综合, Total: 1, Valid: 1, Valid Percent: 100.00%, Whitelist: 0, IPv4: 1, IPv6: 0, Min Delay: 1425 ms, Max Speed: 0.22 M/s, Avg Speed: 0.22 M/s, Max Resolution: 720x576
Category: 🌽其他城市频道, Name: 双辽综合, Total: 2, Valid: 2, Valid Percent: 100.00%, Whitelist: 0, IPv4: 2, IPv6: 0, Min Delay: 1546 ms, Max Speed: 0.08 M/s, Avg Speed: 0.07 M/s, Max Resolution: 320x240
Category: 🌽其他城市频道, Name: 界化县综合, Total: 1, Valid: 1, Valid Percent: 100.00%, Whitelist: 0, IPv4: 1, IPv6: 0, Min Delay: 1932 ms, Max Speed: 0.08 M/s, Avg Speed: 0.08 M/s, Max Resolution: 320x240
Category: 🌽其他城市频道, Name: 东丰综合, Total: 1, Valid: 1, Valid Percent: 100.00%, Whitelist: 0, IPv4: 1, IPv6: 0, Min Delay: 2906 ms, Max Speed: 0.41 M/s, Avg Speed: 0.41 M/s, Max Resolution: 720x576
Category: 🌽其他城市频道, Name: 江源综合, Total: 1, Valid: 1, Valid Percent: 100.00%, Whitelist: 0, IPv4: 1, IPv6: 0, Min Delay: 2826 ms, Max Speed: 0.14 M/s, Avg Speed: 0.14 M/s, Max Resolution: 720x576
Category: 🌽其他城市频道, Name: 靖宇综合, Total: 1, Valid: 1, Valid Percent: 100.00%, Whitelist: 0, IPv4: 1, IPv6: 0, Min Delay: 2769 ms, Max Speed: 0.11 M/s, Avg Speed: 0.11 M/s, Max Resolution: 720x576
Category: 🌽其他城市频道, Name: 柳河综合, Total: 2, Valid: 2, Valid Percent: 100.00%, Whitelist: 0, IPv4: 2, IPv6: 0, Min Delay: 1594 ms, Max Speed: 0.26 M/s, Avg Speed: 0.23 M/s, Max Resolution: 720x576
Category: 🌽其他城市频道, Name: 双阳综合, Total: 1, Valid: 1, Valid Percent: 100.00%, Whitelist: 0, IPv4: 1, IPv6: 0, Min Delay: 2135 ms, Max Speed: 0.16 M/s, Avg Speed: 0.16 M/s, Max Resolution: 720x576
Category: 🌽其他城市频道, Name: 汪清综合, Total: 2, Valid: 2, Valid Percent: 100.00%, Whitelist: 0, IPv4: 2, IPv6: 0, Min Delay: 1820 ms, Max Speed: 0.07 M/s, Avg Speed: 0.06 M/s, Max Resolution: 320x240
Category: 🌽其他城市频道, Name: 永吉综合频道, Total: 1, Valid: 1, Valid Percent: 100.00%, Whitelist: 0, IPv4: 1, IPv6: 0, Min Delay: 1992 ms, Max Speed: 0.25 M/s, Avg Speed: 0.25 M/s, Max Resolution: 720x576
Category: 🌽其他城市频道, Name: 吉林磐石综合, Total: 1, Valid: 1, Valid Percent: 100.00%, Whitelist: 0, IPv4: 1, IPv6: 0, Min Delay: 2806 ms, Max Speed: 0.30 M/s, Avg Speed: 0.30 M/s, Max Resolution: 720x576
Category: 🌽其他城市频道, Name: 吉林公主岭综合, Total: 1, Valid: 1, Valid Percent: 100.00%, Whitelist: 0, IPv4: 1, IPv6: 0, Min Delay: 1254 ms, Max Speed: 0.11 M/s, Avg Speed: 0.11 M/s, Max Resolution: 720x576
Category: 🌽其他城市频道, Name: 吉林东丰综合, Total: 1, Valid: 1, Valid Percent: 100.00%, Whitelist: 0, IPv4: 1, IPv6: 0, Min Delay: 2719 ms, Max Speed: 0.41 M/s, Avg Speed: 0.41 M/s, Max Resolution: 720x576
Category: 🌽其他城市频道, Name: 吉林东辽综合, Total: 1, Valid: 1, Valid Percent: 100.00%, Whitelist: 0, IPv4: 1, IPv6: 0, Min Delay: 2822 ms, Max Speed: 0.33 M/s, Avg Speed: 0.33 M/s, Max Resolution: 720x576
Category: 🌽其他城市频道, Name: 吉林辉南综合, Total: 1, Valid: 1, Valid Percent: 100.00%, Whitelist: 0, IPv4: 1, IPv6: 0, Min Delay: 2669 ms, Max Speed: 0.41 M/s, Avg Speed: 0.41 M/s, Max Resolution: 720x576
Category: 🌽其他城市频道, Name: 延边-2, Total: 1, Valid: 1, Valid Percent: 100.00%, Whitelist: 0, IPv4: 1, IPv6: 0, Min Delay: 1861 ms, Max Speed: 0.08 M/s, Avg Speed: 0.08 M/s, Max Resolution: 320x240
Category: 🌽其他城市频道, Name: 通化县综合, Total: 1, Valid: 1, Valid Percent: 100.00%, Whitelist: 0, IPv4: 1, IPv6: 0, Min Delay: 1804 ms, Max Speed: 0.08 M/s, Avg Speed: 0.08 M/s, Max Resolution: 320x240
Category: 🌽其他城市频道, Name: 辉南新闻综合, Total: 2, Valid: 2, Valid Percent: 100.00%, Whitelist: 0, IPv4: 2, IPv6: 0, Min Delay: 2454 ms, Max Speed: 0.38 M/s, Avg Speed: 0.37 M/s, Max Resolution: 720x576
Category: 🌽其他城市频道, Name: 东辽综合, Total: 1, Valid: 1, Valid Percent: 100.00%, Whitelist: 0, IPv4: 1, IPv6: 0, Min Delay: 2788 ms, Max Speed: 0.34 M/s, Avg Speed: 0.34 M/s, Max Resolution: 720x576
Category: 🌽其他城市频道, Name: 通化通化县综合, Total: 1, Valid: 1, Valid Percent: 100.00%, Whitelist: 0, IPv4: 1, IPv6: 0, Min Delay: 2487 ms, Max Speed: 0.06 M/s, Avg Speed: 0.06 M/s, Max Resolution: 320x240
Category: 🌽其他城市频道, Name: 通化柳河综合, Total: 1, Valid: 1, Valid Percent: 100.00%, Whitelist: 0, IPv4: 1, IPv6: 0, Min Delay: 2047 ms, Max Speed: 0.22 M/s, Avg Speed: 0.22 M/s, Max Resolution: 720x576
Category: 🌽其他城市频道, Name: 四平双辽综合, Total: 1, Valid: 1, Valid Percent: 100.00%, Whitelist: 0, IPv4: 1, IPv6: 0, Min Delay: 1892 ms, Max Speed: 0.07 M/s, Avg Speed: 0.07 M/s, Max Resolution: 320x240
Category: 🌽其他城市频道, Name: 白城洮南综合, Total: 1, Valid: 1, Valid Percent: 100.00%, Whitelist: 0, IPv4: 1, IPv6: 0, Min Delay: 3635 ms, Max Speed: 0.36 M/s, Avg Speed: 0.36 M/s, Max Resolution: 720x576
Category: 🌽其他城市频道, Name: 浙江公共新闻, Total: 2, Valid: 2, Valid Percent: 100.00%, Whitelist: 0, IPv4: 2, IPv6: 0, Min Delay: 2182 ms, Max Speed: 1.33 M/s, Avg Speed: 1.07 M/s, Max Resolution: 1920x1080
Category: 🌽其他城市频道, Name: 浙江国际, Total: 1, Valid: 1, Valid Percent: 100.00%, Whitelist: 0, IPv4: 1, IPv6: 0, Min Delay: 2143 ms, Max Speed: 0.76 M/s, Avg Speed: 0.76 M/s, Max Resolution: 1920x1080
Category: 🌽其他城市频道, Name: 浙江教科影视, Total: 2, Valid: 2, Valid Percent: 100.00%, Whitelist: 0, IPv4: 2, IPv6: 0, Min Delay: 1777 ms, Max Speed: 0.86 M/s, Avg Speed: 0.77 M/s, Max Resolution: 1920x1080
Category: 🌽其他城市频道, Name: 之江纪录, Total: 1, Valid: 1, Valid Percent: 100.00%, Whitelist: 0, IPv4: 1, IPv6: 0, Min Delay: 2111 ms, Max Speed: 0.84 M/s, Avg Speed: 0.84 M/s, Max Resolution: 1920x1080
Category: 🌽其他城市频道, Name: 浙江民生休闲, Total: 4, Valid: 3, Valid Percent: 75.00%, Whitelist: 0, IPv4: 4, IPv6: 0, Min Delay: 511 ms, Max Speed: 1.08 M/s, Avg Speed: 0.98 M/s, Max Resolution: 1920x1080
Category: 🌽其他城市频道, Name: 浙江经视, Total: 1, Valid: 1, Valid Percent: 100.00%, Whitelist: 0, IPv4: 1, IPv6: 0, Min Delay: 2230 ms, Max Speed: 0.89 M/s, Avg Speed: 0.89 M/s, Max Resolution: 1920x1080
Category: 🌽其他城市频道, Name: 浙江钱江都市, Total: 1, Valid: 1, Valid Percent: 100.00%, Whitelist: 0, IPv4: 1, IPv6: 0, Min Delay: 2115 ms, Max Speed: 0.79 M/s, Avg Speed: 0.79 M/s, Max Resolution: 1920x1080
Category: 🌽其他城市频道, Name: 浙江钱江频道, Total: 2, Valid: 1, Valid Percent: 50.00%, Whitelist: 0, IPv4: 2, IPv6: 0, Min Delay: 524 ms, Max Speed: 0.93 M/s, Avg Speed: 0.93 M/s, Max Resolution: 1920x1080
Category: 🌽其他城市频道, Name: 浙江经济生活, Total: 2, Valid: 2, Valid Percent: 100.00%, Whitelist: 0, IPv4: 2, IPv6: 0, Min Delay: 1213 ms, Max Speed: 1.27 M/s, Avg Speed: 0.77 M/s, Max Resolution: 1920x1080
Category: 🌽其他城市频道, Name: 中国金融信息中心, Total: 1, Valid: 0, Valid Percent: 0.00%, Whitelist: 0, IPv4: 0, IPv6: 1, Min Delay: -1 ms, Max Speed: 0.00 M/s, Avg Speed: 0.00 M/s, Max Resolution: None
Category: 🌽其他城市频道, Name: 四行仓库抗战纪念馆, Total: 1, Valid: 0, Valid Percent: 0.00%, Whitelist: 0, IPv4: 0, IPv6: 1, Min Delay: -1 ms, Max Speed: 0.00 M/s, Avg Speed: 0.00 M/s, Max Resolution: None
Category: 🌽其他城市频道, Name: 南浦大桥, Total: 1, Valid: 0, Valid Percent: 0.00%, Whitelist: 0, IPv4: 0, IPv6: 1, Min Delay: -1 ms, Max Speed: 0.00 M/s, Avg Speed: 0.00 M/s, Max Resolution: None
Category: 🌽其他城市频道, Name: G60新桥收费口, Total: 1, Valid: 0, Valid Percent: 0.00%, Whitelist: 0, IPv4: 0, IPv6: 1, Min Delay: -1 ms, Max Speed: 0.00 M/s, Avg Speed: 0.00 M/s, Max Resolution: None
Category: 🌽其他城市频道, Name: 滴水湖, Total: 1, Valid: 0, Valid Percent: 0.00%, Whitelist: 0, IPv4: 0, IPv6: 1, Min Delay: -1 ms, Max Speed: 0.00 M/s, Avg Speed: 0.00 M/s, Max Resolution: None
Category: 🌽其他城市频道, Name: 国家会展中心, Total: 1, Valid: 0, Valid Percent: 0.00%, Whitelist: 0, IPv4: 0, IPv6: 1, Min Delay: -1 ms, Max Speed: 0.00 M/s, Avg Speed: 0.00 M/s, Max Resolution: None
Category: 🌽其他城市频道, Name: 中共一大会址纪念馆, Total: 1, Valid: 0, Valid Percent: 0.00%, Whitelist: 0, IPv4: 0, IPv6: 1, Min Delay: -1 ms, Max Speed: 0.00 M/s, Avg Speed: 0.00 M/s, Max Resolution: None
Category: 🌽其他城市频道, Name: 上海北外滩, Total: 1, Valid: 0, Valid Percent: 0.00%, Whitelist: 0, IPv4: 0, IPv6: 1, Min Delay: -1 ms, Max Speed: 0.00 M/s, Avg Speed: 0.00 M/s, Max Resolution: None
Category: 🌽其他城市频道, Name: 熊猫01高清, Total: 1, Valid: 0, Valid Percent: 0.00%, Whitelist: 1, IPv4: 0, IPv6: 0, Min Delay: -1 ms, Max Speed: 0.00 M/s, Avg Speed: 0.00 M/s, Max Resolution: None
Category: 🌽其他城市频道, Name: 熊猫1, Total: 1, Valid: 0, Valid Percent: 0.00%, Whitelist: 1, IPv4: 0, IPv6: 0, Min Delay: -1 ms, Max Speed: 0.00 M/s, Avg Speed: 0.00 M/s, Max Resolution: None
Category: 🌽其他城市频道, Name: 熊猫2, Total: 1, Valid: 0, Valid Percent: 0.00%, Whitelist: 1, IPv4: 0, IPv6: 0, Min Delay: -1 ms, Max Speed: 0.00 M/s, Avg Speed: 0.00 M/s, Max Resolution: None
Category: 🌽其他城市频道, Name: 熊猫3, Total: 1, Valid: 0, Valid Percent: 0.00%, Whitelist: 1, IPv4: 0, IPv6: 0, Min Delay: -1 ms, Max Speed: 0.00 M/s, Avg Speed: 0.00 M/s, Max Resolution: None
Category: 🌽其他城市频道, Name: 熊猫4, Total: 1, Valid: 0, Valid Percent: 0.00%, Whitelist: 1, IPv4: 0, IPv6: 0, Min Delay: -1 ms, Max Speed: 0.00 M/s, Avg Speed: 0.00 M/s, Max Resolution: None
Category: 🌽其他城市频道, Name: 熊猫5, Total: 1, Valid: 0, Valid Percent: 0.00%, Whitelist: 1, IPv4: 0, IPv6: 0, Min Delay: -1 ms, Max Speed: 0.00 M/s, Avg Speed: 0.00 M/s, Max Resolution: None
Category: 🌽其他城市频道, Name: 熊猫6, Total: 1, Valid: 0, Valid Percent: 0.00%, Whitelist: 1, IPv4: 0, IPv6: 0, Min Delay: -1 ms, Max Speed: 0.00 M/s, Avg Speed: 0.00 M/s, Max Resolution: None
Category: 🌽其他城市频道, Name: 熊猫7, Total: 1, Valid: 0, Valid Percent: 0.00%, Whitelist: 1, IPv4: 0, IPv6: 0, Min Delay: -1 ms, Max Speed: 0.00 M/s, Avg Speed: 0.00 M/s, Max Resolution: None
Category: 🌽其他城市频道, Name: 熊猫8, Total: 1, Valid: 0, Valid Percent: 0.00%, Whitelist: 1, IPv4: 0, IPv6: 0, Min Delay: -1 ms, Max Speed: 0.00 M/s, Avg Speed: 0.00 M/s, Max Resolution: None
Category: 🌽其他城市频道, Name: 熊猫9, Total: 1, Valid: 0, Valid Percent: 0.00%, Whitelist: 1, IPv4: 0, IPv6: 0, Min Delay: -1 ms, Max Speed: 0.00 M/s, Avg Speed: 0.00 M/s, Max Resolution: None
Category: 🌽其他城市频道, Name: 熊猫10, Total: 1, Valid: 0, Valid Percent: 0.00%, Whitelist: 1, IPv4: 0, IPv6: 0, Min Delay: -1 ms, Max Speed: 0.00 M/s, Avg Speed: 0.00 M/s, Max Resolution: None
